LOCATION_ID,STREAM_ID,ASSET_ID,timestamp,tons,tonsRecycled
location_A,stream_01,asset_x,2021-05-28,8330,2499.0
location_A,stream_02,asset_x,2021-05-28,9374,2812.2
location_B,stream_01,asset_x,2021-05-28,9772,3908.8
location_B,stream_02,asset_x,2021-05-28,8628,1725.6
location_A,stream_01,asset_x,2021-05-29,7053,2115.9
location_A,stream_02,asset_x,2021-05-29,8878,2663.4
location_B,stream_01,asset_x,2021-05-29,9722,3888.8
location_B,stream_02,asset_x,2021-05-29,8631,1726.2
location_A,stream_01,asset_x,2021-05-30,8331,2499.3
location_A,stream_02,asset_x,2021-05-30,9382,2814.6
location_B,stream_01,asset_x,2021-05-30,9722,3888.8
location_B,stream_02,asset_x,2021-05-30,8587,1717.4
location_A,stream_01,asset_x,2021-05-31,8341,2502.3
location_A,stream_02,asset_x,2021-05-31,9363,2808.9
location_B,stream_01,asset_x,2021-05-31,9746,3898.4
location_B,stream_02,asset_x,2021-05-31,8636,1727.2
location_A,stream_01,asset_x,2021-06-01,8338,2501.4
location_A,stream_02,asset_x,2021-06-01,9376,2812.8
location_B,stream_01,asset_x,2021-06-01,11549,4619.6
location_B,stream_02,asset_x,2021-06-01,8609,1721.8
location_A,stream_01,asset_x,2021-06-02,8331,2499.3
location_A,stream_02,asset_x,2021-06-02,9391,1000.0
location_B,stream_01,asset_x,2021-06-02,9746,3898.4
location_B,stream_02,asset_x,2021-06-02,8615,1723.0
location_A,stream_01,asset_x,2021-06-03,8350,2505.0
location_A,stream_02,asset_x,2021-06-03,9371,1100.0
location_B,stream_01,asset_x,2021-06-03,9456,3782.4
location_B,stream_02,asset_x,2021-06-03,8624,1724.8
location_A,stream_01,asset_x,2021-06-04,8355,2506.5
location_A,stream_02,asset_x,2021-06-04,9385,1200.0
location_B,stream_01,asset_x,2021-06-04,9704,3881.6
location_B,stream_02,asset_x,2021-06-04,8625,1725.0
location_A,stream_01,asset_x,2021-06-05,8335,2500.5
location_A,stream_02,asset_x,2021-06-05,9370,1500.0
location_B,stream_01,asset_x,2021-06-05,10450,4180.0
location_B,stream_02,asset_x,2021-06-05,9557,1000.0
location_A,stream_01,asset_x,2021-06-06,8336,2500.8
location_A,stream_02,asset_x,2021-06-06,7705,2000.0
location_B,stream_01,asset_x,2021-06-06,9770,3908.0
location_B,stream_02,asset_x,2021-06-06,8645,1100.0
location_A,stream_01,asset_x,2021-06-07,8333,2499.9
location_A,stream_02,asset_x,2021-06-07,9370,2811.0
location_B,stream_01,asset_x,2021-06-07,8773,3509.2
location_B,stream_02,asset_x,2021-06-07,8635,1200.0
location_A,stream_01,asset_x,2021-06-08,8336,2500.8
location_A,stream_02,asset_x,2021-06-08,9395,2818.5
location_B,stream_01,asset_x,2021-06-08,9613,3845.2
location_B,stream_02,asset_x,2021-06-08,8640,1200.0
location_A,stream_01,asset_x,2021-06-09,8338,2501.4
location_A,stream_02,asset_x,2021-06-09,10125,3037.5
location_B,stream_01,asset_x,2021-06-09,8602,3440.8
location_B,stream_02,asset_x,2021-06-09,8615,900.0
location_A,stream_01,asset_x,2021-06-10,8341,2502.3
location_A,stream_02,asset_x,2021-06-10,9382,2674.1
location_B,stream_01,asset_x,2021-06-10,9726,3890.4
location_B,stream_02,asset_x,2021-06-10,8611,800.0
location_A,stream_01,asset_x,2021-06-11,8321,2496.3
location_A,stream_02,asset_x,2021-06-11,9703,2910.9
location_B,stream_01,asset_x,2021-06-11,9728,3891.2
location_B,stream_02,asset_x,2021-06-11,9213,1842.6
location_A,stream_01,asset_x,2021-06-12,8342,2502.6
location_A,stream_02,asset_x,2021-06-12,9374,2812.2
location_B,stream_01,asset_x,2021-06-12,9736,3894.4
location_B,stream_02,asset_x,2021-06-12,9048,1809.6
location_A,stream_01,asset_x,2021-06-13,8356,2506.8
location_A,stream_02,asset_x,2021-06-13,9390,2817.0
location_B,stream_01,asset_x,2021-06-13,9750,3900.0
location_B,stream_02,asset_x,2021-06-13,8621,1724.2
location_A,stream_01,asset_x,2021-06-14,8056,2416.8
location_A,stream_02,asset_x,2021-06-14,9378,2813.4
location_B,stream_01,asset_x,2021-06-14,9725,3890.0
location_B,stream_02,asset_x,2021-06-14,8626,1725.2
location_A,stream_01,asset_x,2021-06-15,8238,2471.4
location_A,stream_02,asset_x,2021-06-15,9378,2813.4
location_B,stream_01,asset_x,2021-06-15,8918,3567.2
location_B,stream_02,asset_x,2021-06-15,8640,1728.0
location_A,stream_01,asset_x,2021-06-16,8334,2500.2
location_A,stream_02,asset_x,2021-06-16,9400,2820.0
location_B,stream_01,asset_x,2021-06-16,9747,3898.8
location_B,stream_02,asset_x,2021-06-16,8603,1720.6
location_A,stream_01,asset_x,2021-06-17,8335,2500.5
location_A,stream_02,asset_x,2021-06-17,9396,2818.8
location_B,stream_01,asset_x,2021-06-17,9738,3895.2
location_B,stream_02,asset_x,2021-06-17,8611,1722.2
location_A,stream_01,asset_x,2021-06-18,8333,2499.9
location_A,stream_02,asset_x,2021-06-18,9385,2815.5
location_B,stream_01,asset_x,2021-06-18,9769,3907.6
location_B,stream_02,asset_x,2021-06-18,8627,1725.4
location_A,stream_01,asset_x,2021-06-19,8345,2503.5
location_A,stream_02,asset_x,2021-06-19,9387,2816.1
location_B,stream_01,asset_x,2021-06-19,9747,3898.8
location_B,stream_02,asset_x,2021-06-19,8654,1730.8
location_A,stream_01,asset_x,2021-06-20,8326,2497.8
location_A,stream_02,asset_x,2021-06-20,10514,3154.2
location_B,stream_01,asset_x,2021-06-20,9765,3906.0
location_B,stream_02,asset_x,2021-06-20,8631,1726.2
location_A,stream_01,asset_x,2021-06-21,8217,2465.1
location_A,stream_02,asset_x,2021-06-21,9384,2815.2
location_B,stream_01,asset_x,2021-06-21,10653,4261.2
location_B,stream_02,asset_x,2021-06-21,8623,1724.6
location_A,stream_01,asset_x,2021-06-22,8030,2409.0
location_A,stream_02,asset_x,2021-06-22,9377,2813.1
location_B,stream_01,asset_x,2021-06-22,11105,4442.0
location_B,stream_02,asset_x,2021-06-22,8602,1720.4
location_A,stream_01,asset_x,2021-06-23,8335,2500.5
location_A,stream_02,asset_x,2021-06-23,9384,2815.2
location_B,stream_01,asset_x,2021-06-23,9689,3875.6
location_B,stream_02,asset_x,2021-06-23,8606,1721.2
location_A,stream_01,asset_x,2021-06-24,8347,2504.1
location_A,stream_02,asset_x,2021-06-24,9381,2814.3
location_B,stream_01,asset_x,2021-06-24,9754,3901.6
location_B,stream_02,asset_x,2021-06-24,8612,1722.4
location_A,stream_01,asset_x,2021-06-25,8337,2501.1
location_A,stream_02,asset_x,2021-06-25,9385,2815.5
location_B,stream_01,asset_x,2021-06-25,9709,3883.6
location_B,stream_02,asset_x,2021-06-25,8615,1723.0
location_A,stream_01,asset_x,2021-06-26,7443,2232.9
location_A,stream_02,asset_x,2021-06-26,9390,2817.0
location_B,stream_01,asset_x,2021-06-26,9322,3728.8
location_B,stream_02,asset_x,2021-06-26,8626,1725.2
location_A,stream_01,asset_x,2021-06-27,8338,2501.4
location_A,stream_02,asset_x,2021-06-27,9400,2820.0
location_B,stream_01,asset_x,2021-06-27,9749,3899.6
location_B,stream_02,asset_x,2021-06-27,8626,1725.2
location_A,stream_01,asset_x,2021-06-28,8353,2505.9
location_A,stream_02,asset_x,2021-06-28,9378,2813.4
location_B,stream_01,asset_x,2021-06-28,9746,3898.4
location_B,stream_02,asset_x,2021-06-28,8639,1727.8
location_A,stream_01,asset_x,2021-06-29,8326,2497.8
location_A,stream_02,asset_x,2021-06-29,9384,2815.2
location_B,stream_01,asset_x,2021-06-29,9767,3906.8
location_B,stream_02,asset_x,2021-06-29,8624,1724.8
location_A,stream_01,asset_x,2021-06-30,9399,2819.7
location_A,stream_02,asset_x,2021-06-30,9412,2823.6
location_B,stream_01,asset_x,2021-06-30,9765,3906.0
location_B,stream_02,asset_x,2021-06-30,9846,1969.2
location_A,stream_01,asset_x,2021-07-01,8353,2505.9
location_A,stream_02,asset_x,2021-07-01,9371,2811.3
location_B,stream_01,asset_x,2021-07-01,9753,3901.2
location_B,stream_02,asset_x,2021-07-01,8631,1726.2
location_A,stream_01,asset_x,2021-07-02,8177,2453.1
location_A,stream_02,asset_x,2021-07-02,9388,2816.4
location_B,stream_01,asset_x,2021-07-02,9739,3895.6
location_B,stream_02,asset_x,2021-07-02,8597,1719.4
location_A,stream_01,asset_x,2021-07-03,8340,2502.0
location_A,stream_02,asset_x,2021-07-03,9398,2819.4
location_B,stream_01,asset_x,2021-07-03,9722,3888.8
location_B,stream_02,asset_x,2021-07-03,8603,1720.6
location_A,stream_01,asset_x,2021-07-04,8341,2502.3
location_A,stream_02,asset_x,2021-07-04,9392,2817.6
location_B,stream_01,asset_x,2021-07-04,9733,3893.2
location_B,stream_02,asset_x,2021-07-04,8644,1728.8
location_A,stream_01,asset_x,2021-07-05,8889,2666.7
location_A,stream_02,asset_x,2021-07-05,9413,2823.9
location_B,stream_01,asset_x,2021-07-05,9720,3770.4
location_B,stream_02,asset_x,2021-07-05,8624,1724.8
location_A,stream_01,asset_x,2021-07-06,8341,2502.3
location_A,stream_02,asset_x,2021-07-06,9372,2811.6
location_B,stream_01,asset_x,2021-07-06,9745,3898.0
location_B,stream_02,asset_x,2021-07-06,7630,1526.0
location_A,stream_01,asset_x,2021-07-07,8336,2500.8
location_A,stream_02,asset_x,2021-07-07,9399,2819.7
location_B,stream_01,asset_x,2021-07-07,9360,3744.0
location_B,stream_02,asset_x,2021-07-07,8599,1719.8
location_A,stream_01,asset_x,2021-07-08,8337,2501.1
location_A,stream_02,asset_x,2021-07-08,9373,2811.9
location_B,stream_01,asset_x,2021-07-08,9326,3730.4
location_B,stream_02,asset_x,2021-07-08,8614,1722.8
location_A,stream_01,asset_x,2021-07-09,8347,2504.1
location_A,stream_02,asset_x,2021-07-09,9386,2815.8
location_B,stream_01,asset_x,2021-07-09,9735,3894.0
location_B,stream_02,asset_x,2021-07-09,8643,1728.6
location_A,stream_01,asset_x,2021-07-10,8323,2496.9
location_A,stream_02,asset_x,2021-07-10,9396,2818.8
location_B,stream_01,asset_x,2021-07-10,10901,4360.4
location_B,stream_02,asset_x,2021-07-10,8613,1722.6
location_A,stream_01,asset_x,2021-07-11,8337,2501.1
location_A,stream_02,asset_x,2021-07-11,9379,2813.7
location_B,stream_01,asset_x,2021-07-11,9763,3905.2
location_B,stream_02,asset_x,2021-07-11,8637,1727.4
location_A,stream_01,asset_x,2021-07-12,8334,2500.2
location_A,stream_02,asset_x,2021-07-12,9376,2812.8
location_B,stream_01,asset_x,2021-07-12,9710,3884.0
location_B,stream_02,asset_x,2021-07-12,8631,1726.2
location_A,stream_01,asset_x,2021-07-13,9120,2736.0
location_A,stream_02,asset_x,2021-07-13,9399,2819.7
location_B,stream_01,asset_x,2021-07-13,9755,3902.0
location_B,stream_02,asset_x,2021-07-13,8625,1725.0
location_A,stream_01,asset_x,2021-07-14,8336,2500.8
location_A,stream_02,asset_x,2021-07-14,9400,2820.0
location_B,stream_01,asset_x,2021-07-14,9779,3911.6
location_B,stream_02,asset_x,2021-07-14,8620,1724.0
location_A,stream_01,asset_x,2021-07-15,8687,2606.1
location_A,stream_02,asset_x,2021-07-15,9379,2813.7
location_B,stream_01,asset_x,2021-07-15,9708,3883.2
location_B,stream_02,asset_x,2021-07-15,8629,1725.8
location_A,stream_01,asset_x,2021-07-16,9751,2925.3
location_A,stream_02,asset_x,2021-07-16,9365,2809.5
location_B,stream_01,asset_x,2021-07-16,9734,3893.6
location_B,stream_02,asset_x,2021-07-16,8607,1721.4
location_A,stream_01,asset_x,2021-07-17,8347,2504.1
location_A,stream_02,asset_x,2021-07-17,9369,2810.7
location_B,stream_01,asset_x,2021-07-17,9715,3886.0
location_B,stream_02,asset_x,2021-07-17,8633,1726.6
location_A,stream_01,asset_x,2021-07-18,8342,2502.6
location_A,stream_02,asset_x,2021-07-18,9372,2811.6
location_B,stream_01,asset_x,2021-07-18,9733,3893.2
location_B,stream_02,asset_x,2021-07-18,8595,1719.0
location_A,stream_01,asset_x,2021-07-19,8350,2505.0
location_A,stream_02,asset_x,2021-07-19,9391,2817.3
location_B,stream_01,asset_x,2021-07-19,9741,3896.4
location_B,stream_02,asset_x,2021-07-19,8602,1720.4
location_A,stream_01,asset_x,2021-07-20,8340,2502.0
location_A,stream_02,asset_x,2021-07-20,9393,2817.9
location_B,stream_01,asset_x,2021-07-20,9716,3886.4
location_B,stream_02,asset_x,2021-07-20,8606,1721.2
location_A,stream_01,asset_x,2021-07-21,8334,2500.2
location_A,stream_02,asset_x,2021-07-21,9373,2811.9
location_B,stream_01,asset_x,2021-07-21,9751,3900.4
location_B,stream_02,asset_x,2021-07-21,8640,1728.0
location_A,stream_01,asset_x,2021-07-22,7742,2322.6
location_A,stream_02,asset_x,2021-07-22,9388,1000.0
location_B,stream_01,asset_x,2021-07-22,9735,1100.0
location_B,stream_02,asset_x,2021-07-22,8110,1200.0
location_A,stream_01,asset_x,2021-07-23,8347,2504.1
location_A,stream_02,asset_x,2021-07-23,9394,2818.2
location_B,stream_01,asset_x,2021-07-23,9734,3893.6
location_B,stream_02,asset_x,2021-07-23,8619,1723.8
location_A,stream_01,asset_x,2021-07-24,8343,2502.9
location_A,stream_02,asset_x,2021-07-24,9378,2813.4
location_B,stream_01,asset_x,2021-07-24,9755,3902.0
location_B,stream_02,asset_x,2021-07-24,8630,1726.0
location_A,stream_01,asset_x,2021-07-25,8328,2498.4
location_A,stream_02,asset_x,2021-07-25,9383,2814.9
location_B,stream_01,asset_x,2021-07-25,9749,3899.6
location_B,stream_02,asset_x,2021-07-25,8594,1718.8
location_A,stream_01,asset_x,2021-07-26,8328,2498.4
location_A,stream_02,asset_x,2021-07-26,10320,3096.0
location_B,stream_01,asset_x,2021-07-26,9743,3897.2
location_B,stream_02,asset_x,2021-07-26,8614,1722.8
location_A,stream_01,asset_x,2021-07-27,8337,2501.1
location_A,stream_02,asset_x,2021-07-27,9387,2816.1
location_B,stream_01,asset_x,2021-07-27,9763,3905.2
location_B,stream_02,asset_x,2021-07-27,8626,1725.2
location_A,stream_01,asset_x,2021-07-28,8328,2498.4
location_A,stream_02,asset_x,2021-07-28,9383,2814.9
location_B,stream_01,asset_x,2021-07-28,9739,3895.6
location_B,stream_02,asset_x,2021-07-28,8630,1726.0
location_A,stream_01,asset_x,2021-07-29,8328,2498.4
location_A,stream_02,asset_x,2021-07-29,9396,2818.8
location_B,stream_01,asset_x,2021-07-29,9735,3894.0
location_B,stream_02,asset_x,2021-07-29,8648,1729.6
location_A,stream_01,asset_x,2021-07-30,8339,2501.7
location_A,stream_02,asset_x,2021-07-30,9365,2809.5
location_B,stream_01,asset_x,2021-07-30,9735,3894.0
location_B,stream_02,asset_x,2021-07-30,8612,1722.4
location_A,stream_01,asset_x,2021-07-31,8352,2505.6
location_A,stream_02,asset_x,2021-07-31,9395,2818.5
location_B,stream_01,asset_x,2021-07-31,9743,3897.2
location_B,stream_02,asset_x,2021-07-31,8637,1727.4
location_A,stream_01,asset_x,2021-08-01,9726,2917.8
location_A,stream_02,asset_x,2021-08-01,9365,2809.5
location_B,stream_01,asset_x,2021-08-01,9709,3883.6
location_B,stream_02,asset_x,2021-08-01,8594,1718.8
location_A,stream_01,asset_x,2021-08-02,8361,2508.3
location_A,stream_02,asset_x,2021-08-02,9378,2813.4
location_B,stream_01,asset_x,2021-08-02,9751,3900.4
location_B,stream_02,asset_x,2021-08-02,8632,1726.4
location_A,stream_01,asset_x,2021-08-03,10444,3133.2
location_A,stream_02,asset_x,2021-08-03,9384,2815.2
location_B,stream_01,asset_x,2021-08-03,9763,3905.2
location_B,stream_02,asset_x,2021-08-03,8627,1725.4
location_A,stream_01,asset_x,2021-08-04,8346,2503.8
location_A,stream_02,asset_x,2021-08-04,9398,2819.4
location_B,stream_01,asset_x,2021-08-04,9736,3894.4
location_B,stream_02,asset_x,2021-08-04,8648,1729.6
location_A,stream_01,asset_x,2021-08-05,8331,2499.3
location_A,stream_02,asset_x,2021-08-05,9359,2807.7
location_B,stream_01,asset_x,2021-08-05,9725,3890.0
location_B,stream_02,asset_x,2021-08-05,8596,1719.2
location_A,stream_01,asset_x,2021-08-06,8342,2502.6
location_A,stream_02,asset_x,2021-08-06,9958,2987.4
location_B,stream_01,asset_x,2021-08-06,9709,3883.6
location_B,stream_02,asset_x,2021-08-06,8599,1719.8
location_A,stream_01,asset_x,2021-08-07,8349,2504.7
location_A,stream_02,asset_x,2021-08-07,10869,3260.7
location_B,stream_01,asset_x,2021-08-07,9737,3894.8
location_B,stream_02,asset_x,2021-08-07,8649,1729.8
location_A,stream_01,asset_x,2021-08-08,8331,2499.3
location_A,stream_02,asset_x,2021-08-08,9409,2822.7
location_B,stream_01,asset_x,2021-08-08,9736,3894.4
location_B,stream_02,asset_x,2021-08-08,8601,1720.2
location_A,stream_01,asset_x,2021-08-09,8340,2502.0
location_A,stream_02,asset_x,2021-08-09,9381,2814.3
location_B,stream_01,asset_x,2021-08-09,9716,3886.4
location_B,stream_02,asset_x,2021-08-09,8626,1725.2
location_A,stream_01,asset_x,2021-08-10,8345,2503.5
location_A,stream_02,asset_x,2021-08-10,9382,2814.6
location_B,stream_01,asset_x,2021-08-10,9731,3892.4
location_B,stream_02,asset_x,2021-08-10,8634,1726.8
location_A,stream_01,asset_x,2021-08-11,8330,2499.0
location_A,stream_02,asset_x,2021-08-11,8806,2641.8
location_B,stream_01,asset_x,2021-08-11,9688,3875.2
location_B,stream_02,asset_x,2021-08-11,8616,1723.2
location_A,stream_01,asset_x,2021-08-12,8340,2502.0
location_A,stream_02,asset_x,2021-08-12,9368,2810.4
location_B,stream_01,asset_x,2021-08-12,9353,3741.2
location_B,stream_02,asset_x,2021-08-12,8644,1728.8
location_A,stream_01,asset_x,2021-08-13,8344,2503.2
location_A,stream_02,asset_x,2021-08-13,9380,2814.0
location_B,stream_01,asset_x,2021-08-13,10882,4352.8
location_B,stream_02,asset_x,2021-08-13,8640,1728.0
location_A,stream_01,asset_x,2021-08-14,8331,2499.3
location_A,stream_02,asset_x,2021-08-14,9380,2814.0
location_B,stream_01,asset_x,2021-08-14,9748,3899.2
location_B,stream_02,asset_x,2021-08-14,8624,1724.8
location_A,stream_01,asset_x,2021-08-15,8361,2508.3
location_A,stream_02,asset_x,2021-08-15,9376,2812.8
location_B,stream_01,asset_x,2021-08-15,9771,3908.4
location_B,stream_02,asset_x,2021-08-15,8606,1721.2
location_A,stream_01,asset_x,2021-08-16,8342,2502.6
location_A,stream_02,asset_x,2021-08-16,9394,2818.2
location_B,stream_01,asset_x,2021-08-16,9769,3907.6
location_B,stream_02,asset_x,2021-08-16,8345,1669.0
location_A,stream_01,asset_x,2021-08-17,8346,2503.8
location_A,stream_02,asset_x,2021-08-17,8820,2646.0
location_B,stream_01,asset_x,2021-08-17,9739,3895.6
location_B,stream_02,asset_x,2021-08-17,8634,1726.8
location_A,stream_01,asset_x,2021-08-18,8328,2498.4
location_A,stream_02,asset_x,2021-08-18,9383,2814.9
location_B,stream_01,asset_x,2021-08-18,9774,3909.6
location_B,stream_02,asset_x,2021-08-18,8603,1720.6
location_A,stream_01,asset_x,2021-08-19,8337,2501.1
location_A,stream_02,asset_x,2021-08-19,9383,2814.9
location_B,stream_01,asset_x,2021-08-19,9708,3883.2
location_B,stream_02,asset_x,2021-08-19,8594,1718.8
location_A,stream_01,asset_x,2021-08-20,8347,2504.1
location_A,stream_02,asset_x,2021-08-20,9518,2855.4
location_B,stream_01,asset_x,2021-08-20,9762,3904.8
location_B,stream_02,asset_x,2021-08-20,8641,1728.2
location_A,stream_01,asset_x,2021-08-21,8352,2505.6
location_A,stream_02,asset_x,2021-08-21,9378,2813.4
location_B,stream_01,asset_x,2021-08-21,9735,3894.0
location_B,stream_02,asset_x,2021-08-21,8621,1724.2
location_A,stream_01,asset_x,2021-08-22,8654,2596.2
location_A,stream_02,asset_x,2021-08-22,8283,2484.9
location_B,stream_01,asset_x,2021-08-22,9722,3888.8
location_B,stream_02,asset_x,2021-08-22,8622,1724.4
location_A,stream_01,asset_x,2021-08-23,8987,2696.1
location_A,stream_02,asset_x,2021-08-23,8902,2670.6
location_B,stream_01,asset_x,2021-08-23,9682,3872.8
location_B,stream_02,asset_x,2021-08-23,8414,1682.8
location_A,stream_01,asset_x,2021-08-24,8372,2511.6
location_A,stream_02,asset_x,2021-08-24,9378,2813.4
location_B,stream_01,asset_x,2021-08-24,9467,3786.8
location_B,stream_02,asset_x,2021-08-24,8615,1723.0
location_A,stream_01,asset_x,2021-08-25,8353,2505.9
location_A,stream_02,asset_x,2021-08-25,9378,2813.4
location_B,stream_01,asset_x,2021-08-25,9747,3898.8
location_B,stream_02,asset_x,2021-08-25,9076,1815.2
location_A,stream_01,asset_x,2021-08-26,8363,2508.9
location_A,stream_02,asset_x,2021-08-26,9387,2816.1
location_B,stream_01,asset_x,2021-08-26,9750,3900.0
location_B,stream_02,asset_x,2021-08-26,8622,1724.4
location_A,stream_01,asset_x,2021-08-27,8335,2500.5
location_A,stream_02,asset_x,2021-08-27,9384,2815.2
location_B,stream_01,asset_x,2021-08-27,9763,3905.2
location_B,stream_02,asset_x,2021-08-27,8581,1716.2
location_A,stream_01,asset_x,2021-08-28,8348,2504.4
location_A,stream_02,asset_x,2021-08-28,9378,2813.4
location_B,stream_01,asset_x,2021-08-28,9702,3880.8
location_B,stream_02,asset_x,2021-08-28,8625,1725.0
location_A,stream_01,asset_x,2021-08-29,8340,2502.0
location_A,stream_02,asset_x,2021-08-29,9383,1000.0
location_B,stream_01,asset_x,2021-08-29,9688,1100.0
location_B,stream_02,asset_x,2021-08-29,8624,1200.0
location_A,stream_01,asset_x,2021-08-30,9894,2968.2
location_A,stream_02,asset_x,2021-08-30,9389,1000.0
location_B,stream_01,asset_x,2021-08-30,9724,3889.6
location_B,stream_02,asset_x,2021-08-30,9019,1803.8
location_A,stream_01,asset_x,2021-08-31,8843,2652.9
location_A,stream_02,asset_x,2021-08-31,9378,1000.0
location_B,stream_01,asset_x,2021-08-31,9719,3887.6
location_B,stream_02,asset_x,2021-08-31,8613,1722.6
location_A,stream_01,asset_x,2021-09-01,8332,2499.6
location_A,stream_02,asset_x,2021-09-01,9392,1000.0
location_B,stream_01,asset_x,2021-09-01,9748,3899.2
location_B,stream_02,asset_x,2021-09-01,8587,1717.4
location_A,stream_01,asset_x,2021-09-02,8335,2500.5
location_A,stream_02,asset_x,2021-09-02,7820,1000.0
location_B,stream_01,asset_x,2021-09-02,9695,3878.0
location_B,stream_02,asset_x,2021-09-02,8614,1722.8
location_A,stream_01,asset_x,2021-09-03,8356,2506.8
location_A,stream_02,asset_x,2021-09-03,9376,2812.8
location_B,stream_01,asset_x,2021-09-03,9691,3876.4
location_B,stream_02,asset_x,2021-09-03,8597,1719.4
location_A,stream_01,asset_x,2021-09-04,8350,2505.0
location_A,stream_02,asset_x,2021-09-04,9400,2820.0
location_B,stream_01,asset_x,2021-09-04,9788,3915.2
location_B,stream_02,asset_x,2021-09-04,8607,1721.4
location_A,stream_01,asset_x,2021-09-05,8355,2506.5
location_A,stream_02,asset_x,2021-09-05,14000,2756.7
location_B,stream_01,asset_x,2021-09-05,9773,3909.2
location_B,stream_02,asset_x,2021-09-05,8633,1726.6
location_A,stream_01,asset_x,2021-09-06,8315,2494.5
location_A,stream_02,asset_x,2021-09-06,15000,2817.3
location_B,stream_01,asset_x,2021-09-06,9718,3887.2
location_B,stream_02,asset_x,2021-09-06,8631,1726.2
location_A,stream_01,asset_x,2021-09-07,8333,2499.9
location_A,stream_02,asset_x,2021-09-07,15000,2813.7
location_B,stream_01,asset_x,2021-09-07,9741,3896.4
location_B,stream_02,asset_x,2021-09-07,8600,1720.0
location_A,stream_01,asset_x,2021-09-08,8349,2504.7
location_A,stream_02,asset_x,2021-09-08,17000,2817.6
location_B,stream_01,asset_x,2021-09-08,9734,3893.6
location_B,stream_02,asset_x,2021-09-08,8631,1726.2
location_A,stream_01,asset_x,2021-09-09,8350,2505.0
location_A,stream_02,asset_x,2021-09-09,15000,2814.6
location_B,stream_01,asset_x,2021-09-09,9363,3745.2
location_B,stream_02,asset_x,2021-09-09,12000,1720.8
location_A,stream_01,asset_x,2021-09-10,30000,2272.8
location_A,stream_02,asset_x,2021-09-10,9381,2814.3
location_B,stream_01,asset_x,2021-09-10,9741,3896.4
location_B,stream_02,asset_x,2021-09-10,13000,1724.8
location_A,stream_01,asset_x,2021-09-11,23000,2501.1
location_A,stream_02,asset_x,2021-09-11,9403,2820.9
location_B,stream_01,asset_x,2021-09-11,9737,3894.8
location_B,stream_02,asset_x,2021-09-11,14000,1723.0
location_A,stream_01,asset_x,2021-09-12,15000,2503.8
location_A,stream_02,asset_x,2021-09-12,10335,3100.5
location_B,stream_01,asset_x,2021-09-12,9719,3887.6
location_B,stream_02,asset_x,2021-09-12,15000,1725.2
location_A,stream_01,asset_x,2021-09-13,14000,2497.8
location_A,stream_02,asset_x,2021-09-13,9400,2820.0
location_B,stream_01,asset_x,2021-09-13,9782,3912.8
location_B,stream_02,asset_x,2021-09-13,8632,1726.4
location_A,stream_01,asset_x,2021-09-14,10000,2498.1
location_A,stream_02,asset_x,2021-09-14,7302,2190.6
location_B,stream_01,asset_x,2021-09-14,9431,3772.4
location_B,stream_02,asset_x,2021-09-14,8622,1724.4
location_A,stream_01,asset_x,2021-09-15,8327,2498.1
location_A,stream_02,asset_x,2021-09-15,9381,2814.3
location_B,stream_01,asset_x,2021-09-15,9092,3636.8
location_B,stream_02,asset_x,2021-09-15,8597,1719.4
location_A,stream_01,asset_x,2021-09-16,8336,2500.8
location_A,stream_02,asset_x,2021-09-16,9385,2815.5
location_B,stream_01,asset_x,2021-09-16,9762,3904.8
location_B,stream_02,asset_x,2021-09-16,8609,1721.8
location_A,stream_01,asset_x,2021-09-17,8326,2497.8
location_A,stream_02,asset_x,2021-09-17,9391,2817.3
location_B,stream_01,asset_x,2021-09-17,9728,3891.2
location_B,stream_02,asset_x,2021-09-17,8078,1615.6
location_A,stream_01,asset_x,2021-09-18,8350,2505.0
location_A,stream_02,asset_x,2021-09-18,10595,3178.5
location_B,stream_01,asset_x,2021-09-18,9731,3892.4
location_B,stream_02,asset_x,2021-09-18,8596,1719.2
location_A,stream_01,asset_x,2021-09-19,8349,2504.7
location_A,stream_02,asset_x,2021-09-19,9384,2815.2
location_B,stream_01,asset_x,2021-09-19,9739,3895.6
location_B,stream_02,asset_x,2021-09-19,8619,1723.8
location_A,stream_01,asset_x,2021-09-20,8334,2500.2
location_A,stream_02,asset_x,2021-09-20,9401,2820.3
location_B,stream_01,asset_x,2021-09-20,9724,3889.6
location_B,stream_02,asset_x,2021-09-20,8652,1730.4
location_A,stream_01,asset_x,2021-09-21,8317,2495.1
location_A,stream_02,asset_x,2021-09-21,9361,2808.3
location_B,stream_01,asset_x,2021-09-21,9754,3901.6
location_B,stream_02,asset_x,2021-09-21,8622,1724.4
location_A,stream_01,asset_x,2021-09-22,8341,2502.3
location_A,stream_02,asset_x,2021-09-22,9379,2813.7
location_B,stream_01,asset_x,2021-09-22,9696,3878.4
location_B,stream_02,asset_x,2021-09-22,8613,1722.6
location_A,stream_01,asset_x,2021-09-23,8335,2500.5
location_A,stream_02,asset_x,2021-09-23,9400,2820.0
location_B,stream_01,asset_x,2021-09-23,9735,3894.0
location_B,stream_02,asset_x,2021-09-23,8293,1658.6
location_A,stream_01,asset_x,2021-09-24,8314,2494.2
location_A,stream_02,asset_x,2021-09-24,9389,2816.7
location_B,stream_01,asset_x,2021-09-24,8774,3509.6
location_B,stream_02,asset_x,2021-09-24,8617,1723.4
location_A,stream_01,asset_x,2021-09-25,8362,2508.6
location_A,stream_02,asset_x,2021-09-25,9398,2819.4
location_B,stream_01,asset_x,2021-09-25,9731,3892.4
location_B,stream_02,asset_x,2021-09-25,8625,1725.0
location_A,stream_01,asset_x,2021-09-26,8344,2503.2
location_A,stream_02,asset_x,2021-09-26,9387,2816.1
location_B,stream_01,asset_x,2021-09-26,9711,3884.4
location_B,stream_02,asset_x,2021-09-26,8598,1719.6
location_A,stream_01,asset_x,2021-09-27,8341,2502.3
location_A,stream_02,asset_x,2021-09-27,9369,2810.7
location_B,stream_01,asset_x,2021-09-27,9721,3888.4
location_B,stream_02,asset_x,2021-09-27,8592,1718.4
location_A,stream_01,asset_x,2021-09-28,8341,2502.3
location_A,stream_02,asset_x,2021-09-28,9396,2818.8
location_B,stream_01,asset_x,2021-09-28,9707,3882.8
location_B,stream_02,asset_x,2021-09-28,8623,1724.6
location_A,stream_01,asset_x,2021-09-29,8333,2499.9
location_A,stream_02,asset_x,2021-09-29,9369,2810.7
location_B,stream_01,asset_x,2021-09-29,9745,3898.0
location_B,stream_02,asset_x,2021-09-29,8986,1797.2
location_A,stream_01,asset_x,2021-09-30,8348,2504.4
location_A,stream_02,asset_x,2021-09-30,10883,3264.9
location_B,stream_01,asset_x,2021-09-30,9719,3887.6
location_B,stream_02,asset_x,2021-09-30,20000,1722.0
location_A,stream_01,asset_y,2021-10-01,8349,2504.7
location_A,stream_02,asset_y,2021-10-01,9382,2814.6
location_B,stream_01,asset_y,2021-10-01,9742,3896.8
location_B,stream_02,asset_y,2021-10-01,21000,500.0
location_A,stream_01,asset_y,2021-10-02,8341,2502.3
location_A,stream_02,asset_y,2021-10-02,9396,2818.8
location_B,stream_01,asset_y,2021-10-02,9716,3886.4
location_B,stream_02,asset_y,2021-10-02,8622,500.0
location_A,stream_01,asset_y,2021-10-03,8341,2502.3
location_A,stream_02,asset_y,2021-10-03,9383,2814.9
location_B,stream_01,asset_y,2021-10-03,9729,3891.6
location_B,stream_02,asset_y,2021-10-03,8624,500.0
location_A,stream_01,asset_y,2021-10-04,8349,2504.7
location_A,stream_02,asset_y,2021-10-04,9406,2821.8
location_B,stream_01,asset_y,2021-10-04,11145,4458.0
location_B,stream_02,asset_y,2021-10-04,8597,1719.4
location_A,stream_01,asset_y,2021-10-05,8347,2504.1
location_A,stream_02,asset_y,2021-10-05,9369,2810.7
location_B,stream_01,asset_y,2021-10-05,9726,3890.4
location_B,stream_02,asset_y,2021-10-05,8620,1724.0
location_A,stream_01,asset_y,2021-10-06,7898,2369.4
location_A,stream_02,asset_y,2021-10-06,9404,2821.2
location_B,stream_01,asset_y,2021-10-06,9749,3899.6
location_B,stream_02,asset_y,2021-10-06,8643,1728.6
location_A,stream_01,asset_y,2021-10-07,8329,2498.7
location_A,stream_02,asset_y,2021-10-07,9384,2815.2
location_B,stream_01,asset_y,2021-10-07,9717,3886.8
location_B,stream_02,asset_y,2021-10-07,8636,1727.2
location_A,stream_01,asset_y,2021-10-08,8331,2499.3
location_A,stream_02,asset_y,2021-10-08,9812,2943.6
location_B,stream_01,asset_y,2021-10-08,9718,3887.2
location_B,stream_02,asset_y,2021-10-08,8602,1720.4
location_A,stream_01,asset_y,2021-10-09,8353,2505.9
location_A,stream_02,asset_y,2021-10-09,9384,2815.2
location_B,stream_01,asset_y,2021-10-09,9754,3901.6
location_B,stream_02,asset_y,2021-10-09,8628,1725.6
location_A,stream_01,asset_y,2021-10-10,8348,2504.4
location_A,stream_02,asset_y,2021-10-10,9384,2815.2
location_B,stream_01,asset_y,2021-10-10,9756,3902.4
location_B,stream_02,asset_y,2021-10-10,8629,1725.8
location_A,stream_01,asset_y,2021-10-11,8331,2499.3
location_A,stream_02,asset_y,2021-10-11,9389,2816.7
location_B,stream_01,asset_y,2021-10-11,9665,3866.0
location_B,stream_02,asset_y,2021-10-11,9883,1976.6
location_A,stream_01,asset_y,2021-10-12,8340,2502.0
location_A,stream_02,asset_y,2021-10-12,9372,2811.6
location_B,stream_01,asset_y,2021-10-12,9763,3905.2
location_B,stream_02,asset_y,2021-10-12,8646,1729.2
location_A,stream_01,asset_y,2021-10-13,8340,2502.0
location_A,stream_02,asset_y,2021-10-13,9389,2816.7
location_B,stream_01,asset_y,2021-10-13,9754,3901.6
location_B,stream_02,asset_y,2021-10-13,8642,1728.4
location_A,stream_01,asset_y,2021-10-14,8322,2496.6
location_A,stream_02,asset_y,2021-10-14,9372,2811.6
location_B,stream_01,asset_y,2021-10-14,9785,3914.0
location_B,stream_02,asset_y,2021-10-14,8605,1721.0
location_A,stream_01,asset_y,2021-10-15,8345,2503.5
location_A,stream_02,asset_y,2021-10-15,9366,2809.8
location_B,stream_01,asset_y,2021-10-15,9714,3885.6
location_B,stream_02,asset_y,2021-10-15,8609,1721.8
location_A,stream_01,asset_y,2021-10-16,8325,2497.5
location_A,stream_02,asset_y,2021-10-16,9398,2819.4
location_B,stream_01,asset_y,2021-10-16,9759,3903.6
location_B,stream_02,asset_y,2021-10-16,9951,1990.2
location_A,stream_01,asset_y,2021-10-17,8357,2507.1
location_A,stream_02,asset_y,2021-10-17,9401,2820.3
location_B,stream_01,asset_y,2021-10-17,9750,3900.0
location_B,stream_02,asset_y,2021-10-17,8597,1719.4
location_A,stream_01,asset_y,2021-10-18,9196,2758.8
location_A,stream_02,asset_y,2021-10-18,9362,2808.6
location_B,stream_01,asset_y,2021-10-18,9709,3883.6
location_B,stream_02,asset_y,2021-10-18,8636,1727.2
location_A,stream_01,asset_y,2021-10-19,7094,2128.2
location_A,stream_02,asset_y,2021-10-19,9391,2817.3
location_B,stream_01,asset_y,2021-10-19,9725,3890.0
location_B,stream_02,asset_y,2021-10-19,8636,1727.2
location_A,stream_01,asset_y,2021-10-20,8310,2493.0
location_A,stream_02,asset_y,2021-10-20,9386,2815.8
location_B,stream_01,asset_y,2021-10-20,9752,3900.8
location_B,stream_02,asset_y,2021-10-20,8608,1721.6
location_A,stream_01,asset_y,2021-10-21,8790,2637.0
location_A,stream_02,asset_y,2021-10-21,9392,2817.6
location_B,stream_01,asset_y,2021-10-21,9729,3891.6
location_B,stream_02,asset_y,2021-10-21,8632,1726.4
location_A,stream_01,asset_y,2021-10-22,8329,2498.7
location_A,stream_02,asset_y,2021-10-22,9376,2812.8
location_B,stream_01,asset_y,2021-10-22,9739,3895.6
location_B,stream_02,asset_y,2021-10-22,8650,1730.0
location_A,stream_01,asset_y,2021-10-23,8352,2505.6
location_A,stream_02,asset_y,2021-10-23,9389,2816.7
location_B,stream_01,asset_y,2021-10-23,9738,3895.2
location_B,stream_02,asset_y,2021-10-23,8638,1727.6
location_A,stream_01,asset_y,2021-10-24,8312,2493.6
location_A,stream_02,asset_y,2021-10-24,9368,2810.4
location_B,stream_01,asset_y,2021-10-24,9747,3898.8
location_B,stream_02,asset_y,2021-10-24,8605,1721.0
location_A,stream_01,asset_y,2021-10-25,8356,2506.8
location_A,stream_02,asset_y,2021-10-25,9383,2814.9
location_B,stream_01,asset_y,2021-10-25,9707,3882.8
location_B,stream_02,asset_y,2021-10-25,8647,1729.4
location_A,stream_01,asset_y,2021-10-26,8329,2498.7
location_A,stream_02,asset_y,2021-10-26,9361,2808.3
location_B,stream_01,asset_y,2021-10-26,9786,3914.4
location_B,stream_02,asset_y,2021-10-26,8606,1721.2
location_A,stream_01,asset_y,2021-10-27,8333,2499.9
location_A,stream_02,asset_y,2021-10-27,9387,2816.1
location_B,stream_01,asset_y,2021-10-27,10652,4260.8
location_B,stream_02,asset_y,2021-10-27,8639,1727.8
location_A,stream_01,asset_y,2021-10-28,8351,2505.3
location_A,stream_02,asset_y,2021-10-28,9392,2817.6
location_B,stream_01,asset_y,2021-10-28,9738,3895.2
location_B,stream_02,asset_y,2021-10-28,8623,1724.6
location_A,stream_01,asset_y,2021-10-29,9414,2824.2
location_A,stream_02,asset_y,2021-10-29,9362,2808.6
location_B,stream_01,asset_y,2021-10-29,8366,3346.4
location_B,stream_02,asset_y,2021-10-29,7498,1499.6
location_A,stream_01,asset_y,2021-10-30,8325,2497.5
location_A,stream_02,asset_y,2021-10-30,9394,2818.2
location_B,stream_01,asset_y,2021-10-30,9760,3904.0
location_B,stream_02,asset_y,2021-10-30,8621,1724.2
location_A,stream_01,asset_y,2021-10-31,8341,2502.3
location_A,stream_02,asset_y,2021-10-31,9389,2816.7
location_B,stream_01,asset_y,2021-10-31,9730,3892.0
location_B,stream_02,asset_y,2021-10-31,8617,1723.4
location_A,stream_01,asset_y,2021-11-01,8325,2497.5
location_A,stream_02,asset_y,2021-11-01,9391,2817.3
location_B,stream_01,asset_y,2021-11-01,9717,3886.8
location_B,stream_02,asset_y,2021-11-01,8622,1724.4
location_A,stream_01,asset_y,2021-11-02,8352,2505.6
location_A,stream_02,asset_y,2021-11-02,9152,2745.6
location_B,stream_01,asset_y,2021-11-02,9724,3889.6
location_B,stream_02,asset_y,2021-11-02,8643,1728.6
location_A,stream_01,asset_y,2021-11-03,9267,2780.1
location_A,stream_02,asset_y,2021-11-03,9381,2814.3
location_B,stream_01,asset_y,2021-11-03,9747,3898.8
location_B,stream_02,asset_y,2021-11-03,8617,1723.4
location_A,stream_01,asset_y,2021-11-04,8334,2500.2
location_A,stream_02,asset_y,2021-11-04,9360,2808.0
location_B,stream_01,asset_y,2021-11-04,9725,3890.0
location_B,stream_02,asset_y,2021-11-04,8637,1727.4
location_A,stream_01,asset_y,2021-11-05,10074,3022.2
location_A,stream_02,asset_y,2021-11-05,9413,2823.9
location_B,stream_01,asset_y,2021-11-05,9727,3890.8
location_B,stream_02,asset_y,2021-11-05,8627,1725.4
location_A,stream_01,asset_y,2021-11-06,8340,2502.0
location_A,stream_02,asset_y,2021-11-06,9377,2813.1
location_B,stream_01,asset_y,2021-11-06,9711,3884.4
location_B,stream_02,asset_y,2021-11-06,8615,1723.0
location_A,stream_01,asset_y,2021-11-07,8335,2500.5
location_A,stream_02,asset_y,2021-11-07,9388,2816.4
location_B,stream_01,asset_y,2021-11-07,9430,3772.0
location_B,stream_02,asset_y,2021-11-07,8609,1721.8
location_A,stream_01,asset_y,2021-11-08,8332,2499.6
location_A,stream_02,asset_y,2021-11-08,9390,2817.0
location_B,stream_01,asset_y,2021-11-08,9685,3874.0
location_B,stream_02,asset_y,2021-11-08,8614,1722.8
location_A,stream_01,asset_y,2021-11-09,8330,2499.0
location_A,stream_02,asset_y,2021-11-09,9378,2813.4
location_B,stream_01,asset_y,2021-11-09,9723,3889.2
location_B,stream_02,asset_y,2021-11-09,8641,1728.2
location_A,stream_01,asset_y,2021-11-10,8332,2499.6
location_A,stream_02,asset_y,2021-11-10,9390,2817.0
location_B,stream_01,asset_y,2021-11-10,9765,3906.0
location_B,stream_02,asset_y,2021-11-10,8611,1722.2
location_A,stream_01,asset_y,2021-11-11,8338,2501.4
location_A,stream_02,asset_y,2021-11-11,9374,2812.2
location_B,stream_01,asset_y,2021-11-11,9732,3892.8
location_B,stream_02,asset_y,2021-11-11,8614,1722.8
location_A,stream_01,asset_y,2021-11-12,8334,2500.2
location_A,stream_02,asset_y,2021-11-12,9369,2810.7
location_B,stream_01,asset_y,2021-11-12,9781,3912.4
location_B,stream_02,asset_y,2021-11-12,8628,1725.6
location_A,stream_01,asset_y,2021-11-13,8344,2503.2
location_A,stream_02,asset_y,2021-11-13,7735,2320.5
location_B,stream_01,asset_y,2021-11-13,9703,3881.2
location_B,stream_02,asset_y,2021-11-13,8617,1723.4
location_A,stream_01,asset_y,2021-11-14,8341,2502.3
location_A,stream_02,asset_y,2021-11-14,9389,2816.7
location_B,stream_01,asset_y,2021-11-14,9772,3908.8
location_B,stream_02,asset_y,2021-11-14,8623,1724.6
location_A,stream_01,asset_y,2021-11-15,8344,2503.2
location_A,stream_02,asset_y,2021-11-15,9387,2816.1
location_B,stream_01,asset_y,2021-11-15,9751,3900.4
location_B,stream_02,asset_y,2021-11-15,8623,1724.6
location_A,stream_01,asset_y,2021-11-16,10050,3015.0
location_A,stream_02,asset_y,2021-11-16,9361,2808.3
location_B,stream_01,asset_y,2021-11-16,9763,3905.2
location_B,stream_02,asset_y,2021-11-16,8038,1607.6
location_A,stream_01,asset_y,2021-11-17,8312,2493.6
location_A,stream_02,asset_y,2021-11-17,9903,2970.9
location_B,stream_01,asset_y,2021-11-17,10204,4081.6
location_B,stream_02,asset_y,2021-11-17,8591,1718.2
location_A,stream_01,asset_y,2021-11-18,8322,2496.6
location_A,stream_02,asset_y,2021-11-18,9808,2942.4
location_B,stream_01,asset_y,2021-11-18,9765,3906.0
location_B,stream_02,asset_y,2021-11-18,8625,1725.0
location_A,stream_01,asset_y,2021-11-19,8333,2499.9
location_A,stream_02,asset_y,2021-11-19,9376,2812.8
location_B,stream_01,asset_y,2021-11-19,9742,3896.8
location_B,stream_02,asset_y,2021-11-19,8598,1719.6
location_A,stream_01,asset_y,2021-11-20,8351,2505.3
location_A,stream_02,asset_y,2021-11-20,9396,2818.8
location_B,stream_01,asset_y,2021-11-20,9736,3894.4
location_B,stream_02,asset_y,2021-11-20,8646,1729.2
location_A,stream_01,asset_y,2021-11-21,10003,3000.9
location_A,stream_02,asset_y,2021-11-21,9382,2814.6
location_B,stream_01,asset_y,2021-11-21,9743,3897.2
location_B,stream_02,asset_y,2021-11-21,8625,1725.0
location_A,stream_01,asset_y,2021-11-22,8852,2655.6
location_A,stream_02,asset_y,2021-11-22,9383,2814.9
location_B,stream_01,asset_y,2021-11-22,9722,3888.8
location_B,stream_02,asset_y,2021-11-22,8618,1723.6
location_A,stream_01,asset_y,2021-11-23,8351,2505.3
location_A,stream_02,asset_y,2021-11-23,9378,2813.4
location_B,stream_01,asset_y,2021-11-23,9737,3894.8
location_B,stream_02,asset_y,2021-11-23,8611,1722.2
location_A,stream_01,asset_y,2021-11-24,8352,2505.6
location_A,stream_02,asset_y,2021-11-24,9382,2814.6
location_B,stream_01,asset_y,2021-11-24,9716,3886.4
location_B,stream_02,asset_y,2021-11-24,8632,1726.4
location_A,stream_01,asset_y,2021-11-25,8338,2501.4
location_A,stream_02,asset_y,2021-11-25,9386,2815.8
location_B,stream_01,asset_y,2021-11-25,9707,3882.8
location_B,stream_02,asset_y,2021-11-25,8600,1720.0
location_A,stream_01,asset_y,2021-11-26,8319,2495.7
location_A,stream_02,asset_y,2021-11-26,9377,2813.1
location_B,stream_01,asset_y,2021-11-26,11192,4476.8
location_B,stream_02,asset_y,2021-11-26,8632,1726.4
location_A,stream_01,asset_y,2021-11-27,8324,2497.2
location_A,stream_02,asset_y,2021-11-27,9390,2817.0
location_B,stream_01,asset_y,2021-11-27,9715,3886.0
location_B,stream_02,asset_y,2021-11-27,8604,1720.8
location_A,stream_01,asset_y,2021-11-28,8342,2502.6
location_A,stream_02,asset_y,2021-11-28,9405,2821.5
location_B,stream_01,asset_y,2021-11-28,11673,4669.2
location_B,stream_02,asset_y,2021-11-28,8619,1723.8
location_A,stream_01,asset_y,2021-11-29,8374,2512.2
location_A,stream_02,asset_y,2021-11-29,9387,2816.1
location_B,stream_01,asset_y,2021-11-29,9718,3887.2
location_B,stream_02,asset_y,2021-11-29,8606,1721.2
location_A,stream_01,asset_y,2021-11-30,6830,2049.0
location_A,stream_02,asset_y,2021-11-30,9390,2817.0
location_B,stream_01,asset_y,2021-11-30,9736,3894.4
location_B,stream_02,asset_y,2021-11-30,8637,1727.4
location_A,stream_01,asset_y,2021-12-01,8330,2499.0
location_A,stream_02,asset_y,2021-12-01,9389,2816.7
location_B,stream_01,asset_y,2021-12-01,9741,3896.4
location_B,stream_02,asset_y,2021-12-01,8611,1722.2
location_A,stream_01,asset_y,2021-12-02,8340,2502.0
location_A,stream_02,asset_y,2021-12-02,9385,2815.5
location_B,stream_01,asset_y,2021-12-02,9720,3888.0
location_B,stream_02,asset_y,2021-12-02,8651,1730.2
location_A,stream_01,asset_y,2021-12-03,8332,2499.6
location_A,stream_02,asset_y,2021-12-03,9381,2814.3
location_B,stream_01,asset_y,2021-12-03,9791,3916.4
location_B,stream_02,asset_y,2021-12-03,8614,1722.8
location_A,stream_01,asset_y,2021-12-04,9569,2870.7
location_A,stream_02,asset_y,2021-12-04,9388,2816.4
location_B,stream_01,asset_y,2021-12-04,11173,4469.2
location_B,stream_02,asset_y,2021-12-04,8588,1717.6
location_A,stream_01,asset_y,2021-12-05,8362,2508.6
location_A,stream_02,asset_y,2021-12-05,9373,2811.9
location_B,stream_01,asset_y,2021-12-05,9714,3885.6
location_B,stream_02,asset_y,2021-12-05,9568,1913.6
location_A,stream_01,asset_y,2021-12-06,8339,2501.7
location_A,stream_02,asset_y,2021-12-06,9370,2811.0
location_B,stream_01,asset_y,2021-12-06,8722,3488.8
location_B,stream_02,asset_y,2021-12-06,8593,1718.6
location_A,stream_01,asset_y,2021-12-07,6718,2015.4
location_A,stream_02,asset_y,2021-12-07,10524,3157.2
location_B,stream_01,asset_y,2021-12-07,9762,3904.8
location_B,stream_02,asset_y,2021-12-07,8632,1726.4
location_A,stream_01,asset_y,2021-12-08,8351,2505.3
location_A,stream_02,asset_y,2021-12-08,9358,2807.4
location_B,stream_01,asset_y,2021-12-08,9749,3899.6
location_B,stream_02,asset_y,2021-12-08,8663,1732.6
location_A,stream_01,asset_y,2021-12-09,8347,2504.1
location_A,stream_02,asset_y,2021-12-09,9364,2809.2
location_B,stream_01,asset_y,2021-12-09,9687,3874.8
location_B,stream_02,asset_y,2021-12-09,8630,1726.0
location_A,stream_01,asset_y,2021-12-10,8338,2501.4
location_A,stream_02,asset_y,2021-12-10,9376,2812.8
location_B,stream_01,asset_y,2021-12-10,10128,4051.2
location_B,stream_02,asset_y,2021-12-10,8616,1723.2
location_A,stream_01,asset_y,2021-12-11,8333,2499.9
location_A,stream_02,asset_y,2021-12-11,9385,2815.5
location_B,stream_01,asset_y,2021-12-11,9779,3911.6
location_B,stream_02,asset_y,2021-12-11,8630,1726.0
location_A,stream_01,asset_y,2021-12-12,8368,2510.4
location_A,stream_02,asset_y,2021-12-12,9391,2817.3
location_B,stream_01,asset_y,2021-12-12,9738,3895.2
location_B,stream_02,asset_y,2021-12-12,8610,1722.0
location_A,stream_01,asset_y,2021-12-13,7923,2376.9
location_A,stream_02,asset_y,2021-12-13,9385,2815.5
location_B,stream_01,asset_y,2021-12-13,9760,3904.0
location_B,stream_02,asset_y,2021-12-13,8609,1721.8
location_A,stream_01,asset_y,2021-12-14,8327,2498.1
location_A,stream_02,asset_y,2021-12-14,9382,2814.6
location_B,stream_01,asset_y,2021-12-14,9901,3835.4
location_B,stream_02,asset_y,2021-12-14,8632,1726.4
location_A,stream_01,asset_y,2021-12-15,8358,2507.4
location_A,stream_02,asset_y,2021-12-15,9398,2582.3
location_B,stream_01,asset_y,2021-12-15,9733,3893.2
location_B,stream_02,asset_y,2021-12-15,8640,1728.0
location_A,stream_01,asset_y,2021-12-16,8343,2502.9
location_A,stream_02,asset_y,2021-12-16,12018,3605.4
location_B,stream_01,asset_y,2021-12-16,12077,4830.8
location_B,stream_02,asset_y,2021-12-16,8337,1667.4
location_A,stream_01,asset_y,2021-12-17,9077,2723.1
location_A,stream_02,asset_y,2021-12-17,9377,2813.1
location_B,stream_01,asset_y,2021-12-17,9709,3883.6
location_B,stream_02,asset_y,2021-12-17,8609,1721.8
location_A,stream_01,asset_y,2021-12-18,8306,800.0
location_A,stream_02,asset_y,2021-12-18,9403,2820.9
location_B,stream_01,asset_y,2021-12-18,9725,3890.0
location_B,stream_02,asset_y,2021-12-18,9228,1845.6
location_A,stream_01,asset_y,2021-12-19,9689,800.0
location_A,stream_02,asset_y,2021-12-19,11570,3471.0
location_B,stream_01,asset_y,2021-12-19,9727,3890.8
location_B,stream_02,asset_y,2021-12-19,8621,1724.2
location_A,stream_01,asset_y,2021-12-20,8335,900.0
location_A,stream_02,asset_y,2021-12-20,9389,2816.7
location_B,stream_01,asset_y,2021-12-20,9528,3811.2
location_B,stream_02,asset_y,2021-12-20,8635,1727.0
location_A,stream_01,asset_y,2021-12-21,8355,900.0
location_A,stream_02,asset_y,2021-12-21,10019,3005.7
location_B,stream_01,asset_y,2021-12-21,10154,4061.6
location_B,stream_02,asset_y,2021-12-21,8604,1720.8
location_A,stream_01,asset_y,2021-12-22,8327,800.0
location_A,stream_02,asset_y,2021-12-22,9391,2817.3
location_B,stream_01,asset_y,2021-12-22,9763,3905.2
location_B,stream_02,asset_y,2021-12-22,8635,1727.0
location_A,stream_01,asset_y,2021-12-23,8343,2502.9
location_A,stream_02,asset_y,2021-12-23,9362,2808.6
location_B,stream_01,asset_y,2021-12-23,9805,3922.0
location_B,stream_02,asset_y,2021-12-23,8639,1727.8
location_A,stream_01,asset_y,2021-12-24,8342,2502.6
location_A,stream_02,asset_y,2021-12-24,9640,2892.0
location_B,stream_01,asset_y,2021-12-24,9715,3886.0
location_B,stream_02,asset_y,2021-12-24,9392,1878.4
location_A,stream_01,asset_y,2021-12-25,8129,2438.7
location_A,stream_02,asset_y,2021-12-25,9391,2817.3
location_B,stream_01,asset_y,2021-12-25,9055,3622.0
location_B,stream_02,asset_y,2021-12-25,9005,1801.0
location_A,stream_01,asset_y,2021-12-26,8358,800.0
location_A,stream_02,asset_y,2021-12-26,9379,2813.7
location_B,stream_01,asset_y,2021-12-26,9769,3907.6
location_B,stream_02,asset_y,2021-12-26,8605,1721.0
location_A,stream_01,asset_y,2021-12-27,8343,900.0
location_A,stream_02,asset_y,2021-12-27,9390,2817.0
location_B,stream_01,asset_y,2021-12-27,9738,3895.2
location_B,stream_02,asset_y,2021-12-27,8582,1716.4
location_A,stream_01,asset_y,2021-12-28,8351,2505.3
location_A,stream_02,asset_y,2021-12-28,9378,2813.4
location_B,stream_01,asset_y,2021-12-28,9708,3883.2
location_B,stream_02,asset_y,2021-12-28,8636,1727.2
location_A,stream_01,asset_y,2021-12-29,8338,2501.4
location_A,stream_02,asset_y,2021-12-29,9375,2812.5
location_B,stream_01,asset_y,2021-12-29,9727,3890.8
location_B,stream_02,asset_y,2021-12-29,8604,1720.8
location_A,stream_01,asset_y,2021-12-30,8335,2500.5
location_A,stream_02,asset_y,2021-12-30,9390,2817.0
location_B,stream_01,asset_y,2021-12-30,9725,3890.0
location_B,stream_02,asset_y,2021-12-30,8246,1649.2
location_A,stream_01,asset_y,2021-12-31,7524,2257.2
location_A,stream_02,asset_y,2021-12-31,9367,2810.1
location_B,stream_01,asset_y,2021-12-31,9719,3887.6
location_B,stream_02,asset_y,2021-12-31,8617,1723.4
location_A,stream_01,asset_y,2022-01-01,7651,2295.3
location_A,stream_02,asset_y,2022-01-01,9375,2812.5
location_B,stream_01,asset_y,2022-01-01,9736,4868.0
location_B,stream_02,asset_y,2022-01-01,8603,1720.6
location_A,stream_01,asset_y,2022-01-02,8327,2498.1
location_A,stream_02,asset_y,2022-01-02,9387,2816.1
location_B,stream_01,asset_y,2022-01-02,9711,4855.5
location_B,stream_02,asset_y,2022-01-02,8624,1724.8
location_A,stream_01,asset_y,2022-01-03,8341,2502.3
location_A,stream_02,asset_y,2022-01-03,9377,2813.1
location_B,stream_01,asset_y,2022-01-03,9553,4776.5
location_B,stream_02,asset_y,2022-01-03,8620,1724.0
location_A,stream_01,asset_y,2022-01-04,8339,2501.7
location_A,stream_02,asset_y,2022-01-04,10813,3243.9
location_B,stream_01,asset_y,2022-01-04,11806,5903.0
location_B,stream_02,asset_y,2022-01-04,8597,1719.4
location_A,stream_01,asset_y,2022-01-05,8339,2501.7
location_A,stream_02,asset_y,2022-01-05,9809,2942.7
location_B,stream_01,asset_y,2022-01-05,9745,4872.5
location_B,stream_02,asset_y,2022-01-05,7157,1431.4
location_A,stream_01,asset_y,2022-01-06,7913,2373.9
location_A,stream_02,asset_y,2022-01-06,9406,2821.8
location_B,stream_01,asset_y,2022-01-06,9728,4864.0
location_B,stream_02,asset_y,2022-01-06,9695,1939.0
location_A,stream_01,asset_y,2022-01-07,8350,2505.0
location_A,stream_02,asset_y,2022-01-07,9382,2814.6
location_B,stream_01,asset_y,2022-01-07,9747,4873.5
location_B,stream_02,asset_y,2022-01-07,8632,1726.4
location_A,stream_01,asset_y,2022-01-08,8336,2500.8
location_A,stream_02,asset_y,2022-01-08,9394,2818.2
location_B,stream_01,asset_y,2022-01-08,9737,4868.5
location_B,stream_02,asset_y,2022-01-08,8597,1719.4
location_A,stream_01,asset_y,2022-01-09,8341,2502.3
location_A,stream_02,asset_y,2022-01-09,9396,2818.8
location_B,stream_01,asset_y,2022-01-09,9731,4865.5
location_B,stream_02,asset_y,2022-01-09,8652,1730.4
location_A,stream_01,asset_y,2022-01-10,8338,2501.4
location_A,stream_02,asset_y,2022-01-10,9367,2810.1
location_B,stream_01,asset_y,2022-01-10,9759,4879.5
location_B,stream_02,asset_y,2022-01-10,8609,1721.8
location_A,stream_01,asset_y,2022-01-11,8342,2502.6
location_A,stream_02,asset_y,2022-01-11,9370,2811.0
location_B,stream_01,asset_y,2022-01-11,9724,4862.0
location_B,stream_02,asset_y,2022-01-11,8626,1725.2
location_A,stream_01,asset_y,2022-01-12,8331,2499.3
location_A,stream_02,asset_y,2022-01-12,9392,2817.6
location_B,stream_01,asset_y,2022-01-12,9740,4870.0
location_B,stream_02,asset_y,2022-01-12,8639,1727.8
location_A,stream_01,asset_y,2022-01-13,8347,2504.1
location_A,stream_02,asset_y,2022-01-13,9403,2820.9
location_B,stream_01,asset_y,2022-01-13,9722,4861.0
location_B,stream_02,asset_y,2022-01-13,8622,1724.4
location_A,stream_01,asset_y,2022-01-14,8345,2503.5
location_A,stream_02,asset_y,2022-01-14,9382,2814.6
location_B,stream_01,asset_y,2022-01-14,11982,5991.0
location_B,stream_02,asset_y,2022-01-14,8624,1724.8
location_A,stream_01,asset_y,2022-01-15,6340,1902.0
location_A,stream_02,asset_y,2022-01-15,9389,2816.7
location_B,stream_01,asset_y,2022-01-15,9733,4866.5
location_B,stream_02,asset_y,2022-01-15,8602,1720.4
location_A,stream_01,asset_y,2022-01-16,8344,500.0
location_A,stream_02,asset_y,2022-01-16,10209,3062.7
location_B,stream_01,asset_y,2022-01-16,9742,4871.0
location_B,stream_02,asset_y,2022-01-16,8643,1728.6
location_A,stream_01,asset_y,2022-01-17,8345,600.0
location_A,stream_02,asset_y,2022-01-17,9381,2814.3
location_B,stream_01,asset_y,2022-01-17,11672,5836.0
location_B,stream_02,asset_y,2022-01-17,8596,1719.2
location_A,stream_01,asset_y,2022-01-18,8376,700.0
location_A,stream_02,asset_y,2022-01-18,9410,2823.0
location_B,stream_01,asset_y,2022-01-18,9716,4858.0
location_B,stream_02,asset_y,2022-01-18,8653,1730.6
location_A,stream_01,asset_y,2022-01-19,8338,800.0
location_A,stream_02,asset_y,2022-01-19,9408,2822.4
location_B,stream_01,asset_y,2022-01-19,9714,4857.0
location_B,stream_02,asset_y,2022-01-19,8649,1729.8
location_A,stream_01,asset_y,2022-01-20,8333,2499.9
location_A,stream_02,asset_y,2022-01-20,9368,2810.4
location_B,stream_01,asset_y,2022-01-20,9710,4855.0
location_B,stream_02,asset_y,2022-01-20,8650,1730.0
location_A,stream_01,asset_y,2022-01-21,8346,2503.8
location_A,stream_02,asset_y,2022-01-21,9384,2815.2
location_B,stream_01,asset_y,2022-01-21,9716,4858.0
location_B,stream_02,asset_y,2022-01-21,8650,1730.0
location_A,stream_01,asset_y,2022-01-22,8336,2500.8
location_A,stream_02,asset_y,2022-01-22,9396,2818.8
location_B,stream_01,asset_y,2022-01-22,9708,4854.0
location_B,stream_02,asset_y,2022-01-22,8624,1724.8
location_A,stream_01,asset_y,2022-01-23,8346,2503.8
location_A,stream_02,asset_y,2022-01-23,9399,2819.7
location_B,stream_01,asset_y,2022-01-23,9745,4872.5
location_B,stream_02,asset_y,2022-01-23,8606,1721.2
location_A,stream_01,asset_y,2022-01-24,8352,2505.6
location_A,stream_02,asset_y,2022-01-24,10152,3045.6
location_B,stream_01,asset_y,2022-01-24,9674,4837.0
location_B,stream_02,asset_y,2022-01-24,7922,1584.4
location_A,stream_01,asset_y,2022-01-25,8329,2498.7
location_A,stream_02,asset_y,2022-01-25,9376,2812.8
location_B,stream_01,asset_y,2022-01-25,9259,4629.5
location_B,stream_02,asset_y,2022-01-25,8637,1727.4
location_A,stream_01,asset_y,2022-01-26,9057,2717.1
location_A,stream_02,asset_y,2022-01-26,9396,2818.8
location_B,stream_01,asset_y,2022-01-26,8856,4428.0
location_B,stream_02,asset_y,2022-01-26,8618,1723.6
location_A,stream_01,asset_y,2022-01-27,8352,2505.6
location_A,stream_02,asset_y,2022-01-27,9379,2813.7
location_B,stream_01,asset_y,2022-01-27,9714,4857.0
location_B,stream_02,asset_y,2022-01-27,8886,1777.2
location_A,stream_01,asset_y,2022-01-28,8334,2500.2
location_A,stream_02,asset_y,2022-01-28,9385,2815.5
location_B,stream_01,asset_y,2022-01-28,9750,4875.0
location_B,stream_02,asset_y,2022-01-28,8640,1728.0
location_A,stream_01,asset_y,2022-01-29,8346,2503.8
location_A,stream_02,asset_y,2022-01-29,9381,2814.3
location_B,stream_01,asset_y,2022-01-29,9712,4856.0
location_B,stream_02,asset_y,2022-01-29,8661,1732.2
location_A,stream_01,asset_y,2022-01-30,8361,2508.3
location_A,stream_02,asset_y,2022-01-30,9393,2817.9
location_B,stream_01,asset_y,2022-01-30,9734,4867.0
location_B,stream_02,asset_y,2022-01-30,8618,1723.6
location_A,stream_01,asset_y,2022-01-31,9355,2806.5
location_A,stream_02,asset_y,2022-01-31,10280,3084.0
location_B,stream_01,asset_y,2022-01-31,9756,4878.0
location_B,stream_02,asset_y,2022-01-31,8622,1724.4
location_A,stream_01,asset_y,2022-02-01,8342,2502.6
location_A,stream_02,asset_y,2022-02-01,9374,2812.2
location_B,stream_01,asset_y,2022-02-01,9724,4862.0
location_B,stream_02,asset_y,2022-02-01,8615,1723.0
location_A,stream_01,asset_y,2022-02-02,8349,2504.7
location_A,stream_02,asset_y,2022-02-02,9404,2821.2
location_B,stream_01,asset_y,2022-02-02,9743,4871.5
location_B,stream_02,asset_y,2022-02-02,9098,1819.6
location_A,stream_01,asset_y,2022-02-03,8345,2503.5
location_A,stream_02,asset_y,2022-02-03,9395,2818.5
location_B,stream_01,asset_y,2022-02-03,11206,5603.0
location_B,stream_02,asset_y,2022-02-03,8613,1722.6
location_A,stream_01,asset_y,2022-02-04,7270,2181.0
location_A,stream_02,asset_y,2022-02-04,9385,2815.5
location_B,stream_01,asset_y,2022-02-04,9755,4877.5
location_B,stream_02,asset_y,2022-02-04,8580,1716.0
location_A,stream_01,asset_y,2022-02-05,8323,2496.9
location_A,stream_02,asset_y,2022-02-05,9389,2816.7
location_B,stream_01,asset_y,2022-02-05,9686,4843.0
location_B,stream_02,asset_y,2022-02-05,8605,1721.0
location_A,stream_01,asset_y,2022-02-06,8364,2509.2
location_A,stream_02,asset_y,2022-02-06,9394,2818.2
location_B,stream_01,asset_y,2022-02-06,9742,4871.0
location_B,stream_02,asset_y,2022-02-06,8649,1729.8
location_A,stream_01,asset_y,2022-02-07,8340,2502.0
location_A,stream_02,asset_y,2022-02-07,9391,2817.3
location_B,stream_01,asset_y,2022-02-07,9712,4856.0
location_B,stream_02,asset_y,2022-02-07,8631,1726.2
location_A,stream_01,asset_y,2022-02-08,8328,2498.4
location_A,stream_02,asset_y,2022-02-08,9380,2814.0
location_B,stream_01,asset_y,2022-02-08,9736,4868.0
location_B,stream_02,asset_y,2022-02-08,8630,1726.0
location_A,stream_01,asset_y,2022-02-09,8349,2504.7
location_A,stream_02,asset_y,2022-02-09,9372,2811.6
location_B,stream_01,asset_y,2022-02-09,9173,4586.5
location_B,stream_02,asset_y,2022-02-09,8663,1732.6
location_A,stream_01,asset_y,2022-02-10,8337,2501.1
location_A,stream_02,asset_y,2022-02-10,9397,2819.1
location_B,stream_01,asset_y,2022-02-10,9731,4865.5
location_B,stream_02,asset_y,2022-02-10,8622,1724.4
location_A,stream_01,asset_y,2022-02-11,8346,2503.8
location_A,stream_02,asset_y,2022-02-11,9372,2811.6
location_B,stream_01,asset_y,2022-02-11,9780,4890.0
location_B,stream_02,asset_y,2022-02-11,8620,1724.0
location_A,stream_01,asset_y,2022-02-12,9358,2807.4
location_A,stream_02,asset_y,2022-02-12,9380,2814.0
location_B,stream_01,asset_y,2022-02-12,9761,4880.5
location_B,stream_02,asset_y,2022-02-12,8622,1632.6
location_A,stream_01,asset_y,2022-02-13,9370,2811.0
location_A,stream_02,asset_y,2022-02-13,9383,2814.9
location_B,stream_01,asset_y,2022-02-13,9761,4880.5
location_B,stream_02,asset_y,2022-02-13,8583,1716.6
location_A,stream_01,asset_y,2022-02-14,8337,2501.1
location_A,stream_02,asset_y,2022-02-14,9385,2815.5
location_B,stream_01,asset_y,2022-02-14,9701,4850.5
location_B,stream_02,asset_y,2022-02-14,8626,1725.2
location_A,stream_01,asset_y,2022-02-15,8333,2499.9
location_A,stream_02,asset_y,2022-02-15,9379,2813.7
location_B,stream_01,asset_y,2022-02-15,9737,4868.5
location_B,stream_02,asset_y,2022-02-15,8623,1724.6
location_A,stream_01,asset_y,2022-02-16,8344,2503.2
location_A,stream_02,asset_y,2022-02-16,9386,2815.8
location_B,stream_01,asset_y,2022-02-16,11235,5617.5
location_B,stream_02,asset_y,2022-02-16,8631,1726.2
location_A,stream_01,asset_y,2022-02-17,8315,2494.5
location_A,stream_02,asset_y,2022-02-17,9391,2817.3
location_B,stream_01,asset_y,2022-02-17,9717,4858.5
location_B,stream_02,asset_y,2022-02-17,7948,1589.6
location_A,stream_01,asset_y,2022-02-18,8170,2451.0
location_A,stream_02,asset_y,2022-02-18,9382,2814.6
location_B,stream_01,asset_y,2022-02-18,9744,4872.0
location_B,stream_02,asset_y,2022-02-18,8623,1724.6
location_A,stream_01,asset_y,2022-02-19,8336,2500.8
location_A,stream_02,asset_y,2022-02-19,9389,2816.7
location_B,stream_01,asset_y,2022-02-19,9773,4886.5
location_B,stream_02,asset_y,2022-02-19,7183,1436.6
location_A,stream_01,asset_y,2022-02-20,8337,2501.1
location_A,stream_02,asset_y,2022-02-20,9389,2816.7
location_B,stream_01,asset_y,2022-02-20,9755,4877.5
location_B,stream_02,asset_y,2022-02-20,7768,1553.6
location_A,stream_01,asset_y,2022-02-21,8352,2505.6
location_A,stream_02,asset_y,2022-02-21,9387,2816.1
location_B,stream_01,asset_y,2022-02-21,9738,4869.0
location_B,stream_02,asset_y,2022-02-21,8612,1722.4
location_A,stream_01,asset_y,2022-02-22,8324,2497.2
location_A,stream_02,asset_y,2022-02-22,9390,2817.0
location_B,stream_01,asset_y,2022-02-22,9733,4866.5
location_B,stream_02,asset_y,2022-02-22,8617,1723.4
location_A,stream_01,asset_y,2022-02-23,8319,2495.7
location_A,stream_02,asset_y,2022-02-23,9387,2816.1
location_B,stream_01,asset_y,2022-02-23,9772,4886.0
location_B,stream_02,asset_y,2022-02-23,8620,1724.0
location_A,stream_01,asset_y,2022-02-24,8358,2507.4
location_A,stream_02,asset_y,2022-02-24,9387,2816.1
location_B,stream_01,asset_y,2022-02-24,9716,4858.0
location_B,stream_02,asset_y,2022-02-24,8620,1724.0
location_A,stream_01,asset_y,2022-02-25,8335,2500.5
location_A,stream_02,asset_y,2022-02-25,11446,3433.8
location_B,stream_01,asset_y,2022-02-25,9717,4858.5
location_B,stream_02,asset_y,2022-02-25,8603,1720.6
location_A,stream_01,asset_y,2022-02-26,8325,2497.5
location_A,stream_02,asset_y,2022-02-26,9364,2809.2
location_B,stream_01,asset_y,2022-02-26,9729,4864.5
location_B,stream_02,asset_y,2022-02-26,8615,1723.0
location_A,stream_01,asset_y,2022-02-27,8339,2501.7
location_A,stream_02,asset_y,2022-02-27,9378,2813.4
location_B,stream_01,asset_y,2022-02-27,9701,4850.5
location_B,stream_02,asset_y,2022-02-27,7681,1536.2
location_A,stream_01,asset_y,2022-02-28,8340,2502.0
location_A,stream_02,asset_y,2022-02-28,9385,2815.5
location_B,stream_01,asset_y,2022-02-28,9714,4857.0
location_B,stream_02,asset_y,2022-02-28,8626,1725.2
location_A,stream_01,asset_y,2022-03-01,8329,2498.7
location_A,stream_02,asset_y,2022-03-01,9147,2744.1
location_B,stream_01,asset_y,2022-03-01,8133,4066.5
location_B,stream_02,asset_y,2022-03-01,8629,1725.8
location_A,stream_01,asset_y,2022-03-02,8347,2504.1
location_A,stream_02,asset_y,2022-03-02,9392,2817.6
location_B,stream_01,asset_y,2022-03-02,9733,4866.5
location_B,stream_02,asset_y,2022-03-02,8620,1724.0
location_A,stream_01,asset_y,2022-03-03,7403,2220.9
location_A,stream_02,asset_y,2022-03-03,9406,2821.8
location_B,stream_01,asset_y,2022-03-03,9745,4872.5
location_B,stream_02,asset_y,2022-03-03,8643,1728.6
location_A,stream_01,asset_y,2022-03-04,8340,2502.0
location_A,stream_02,asset_y,2022-03-04,9387,2816.1
location_B,stream_01,asset_y,2022-03-04,9715,4857.5
location_B,stream_02,asset_y,2022-03-04,8612,1722.4
location_A,stream_01,asset_y,2022-03-05,8346,2503.8
location_A,stream_02,asset_y,2022-03-05,9384,2815.2
location_B,stream_01,asset_y,2022-03-05,9758,4879.0
location_B,stream_02,asset_y,2022-03-05,6869,1373.8
location_A,stream_01,asset_y,2022-03-06,10116,3034.8
location_A,stream_02,asset_y,2022-03-06,9381,2814.3
location_B,stream_01,asset_y,2022-03-06,9758,4879.0
location_B,stream_02,asset_y,2022-03-06,8284,1656.8
location_A,stream_01,asset_y,2022-03-07,8352,2505.6
location_A,stream_02,asset_y,2022-03-07,9409,2822.7
location_B,stream_01,asset_y,2022-03-07,11883,5941.5
location_B,stream_02,asset_y,2022-03-07,8627,1725.4
location_A,stream_01,asset_y,2022-03-08,8335,2500.5
location_A,stream_02,asset_y,2022-03-08,9400,2820.0
location_B,stream_01,asset_y,2022-03-08,9707,4853.5
location_B,stream_02,asset_y,2022-03-08,8637,1727.4
location_A,stream_01,asset_y,2022-03-09,8329,2498.7
location_A,stream_02,asset_y,2022-03-09,9354,2806.2
location_B,stream_01,asset_y,2022-03-09,9698,4849.0
location_B,stream_02,asset_y,2022-03-09,6645,1329.0
location_A,stream_01,asset_y,2022-03-10,8340,2502.0
location_A,stream_02,asset_y,2022-03-10,9394,2818.2
location_B,stream_01,asset_y,2022-03-10,9733,4866.5
location_B,stream_02,asset_y,2022-03-10,8602,1720.4
location_A,stream_01,asset_y,2022-03-11,9262,2778.6
location_A,stream_02,asset_y,2022-03-11,9406,2821.8
location_B,stream_01,asset_y,2022-03-11,9720,4860.0
location_B,stream_02,asset_y,2022-03-11,8592,1718.4
location_A,stream_01,asset_y,2022-03-12,9246,2773.8
location_A,stream_02,asset_y,2022-03-12,9411,2823.3
location_B,stream_01,asset_y,2022-03-12,8691,4345.5
location_B,stream_02,asset_y,2022-03-12,8622,1724.4
location_A,stream_01,asset_y,2022-03-13,8333,2499.9
location_A,stream_02,asset_y,2022-03-13,9391,2817.3
location_B,stream_01,asset_y,2022-03-13,9760,4880.0
location_B,stream_02,asset_y,2022-03-13,8582,1716.4
location_A,stream_01,asset_y,2022-03-14,8368,2510.4
location_A,stream_02,asset_y,2022-03-14,9383,2814.9
location_B,stream_01,asset_y,2022-03-14,9776,4888.0
location_B,stream_02,asset_y,2022-03-14,8613,1722.6
location_A,stream_01,asset_y,2022-03-15,8350,2505.0
location_A,stream_02,asset_y,2022-03-15,9390,2817.0
location_B,stream_01,asset_y,2022-03-15,9755,4877.5
location_B,stream_02,asset_y,2022-03-15,8254,1650.8
location_A,stream_01,asset_y,2022-03-16,8354,2506.2
location_A,stream_02,asset_y,2022-03-16,9381,2814.3
location_B,stream_01,asset_y,2022-03-16,9739,4869.5
location_B,stream_02,asset_y,2022-03-16,8310,1662.0
location_A,stream_01,asset_y,2022-03-17,8353,2505.9
location_A,stream_02,asset_y,2022-03-17,9381,2814.3
location_B,stream_01,asset_y,2022-03-17,9726,4863.0
location_B,stream_02,asset_y,2022-03-17,8673,1734.6
location_A,stream_01,asset_y,2022-03-18,8336,2500.8
location_A,stream_02,asset_y,2022-03-18,9402,2820.6
location_B,stream_01,asset_y,2022-03-18,9754,4877.0
location_B,stream_02,asset_y,2022-03-18,8653,1730.6
location_A,stream_01,asset_y,2022-03-19,8331,2499.3
location_A,stream_02,asset_y,2022-03-19,9741,2922.3
location_B,stream_01,asset_y,2022-03-19,9735,4867.5
location_B,stream_02,asset_y,2022-03-19,8630,1726.0
location_A,stream_01,asset_y,2022-03-20,8328,2498.4
location_A,stream_02,asset_y,2022-03-20,9380,2814.0
location_B,stream_01,asset_y,2022-03-20,9742,4871.0
location_B,stream_02,asset_y,2022-03-20,8593,1718.6
location_A,stream_01,asset_y,2022-03-21,8347,2504.1
location_A,stream_02,asset_y,2022-03-21,9384,2815.2
location_B,stream_01,asset_y,2022-03-21,9709,4854.5
location_B,stream_02,asset_y,2022-03-21,8631,1726.2
location_A,stream_01,asset_y,2022-03-22,8334,2500.2
location_A,stream_02,asset_y,2022-03-22,9366,2809.8
location_B,stream_01,asset_y,2022-03-22,9753,4876.5
location_B,stream_02,asset_y,2022-03-22,8631,1726.2
location_A,stream_01,asset_y,2022-03-23,8323,2496.9
location_A,stream_02,asset_y,2022-03-23,9384,2815.2
location_B,stream_01,asset_y,2022-03-23,9719,4859.5
location_B,stream_02,asset_y,2022-03-23,8635,1727.0
location_A,stream_01,asset_y,2022-03-24,10646,3193.8
location_A,stream_02,asset_y,2022-03-24,8290,2487.0
location_B,stream_01,asset_y,2022-03-24,9712,4856.0
location_B,stream_02,asset_y,2022-03-24,8649,1729.8
location_A,stream_01,asset_y,2022-03-25,8338,2501.4
location_A,stream_02,asset_y,2022-03-25,9373,2811.9
location_B,stream_01,asset_y,2022-03-25,9721,4860.5
location_B,stream_02,asset_y,2022-03-25,8631,1726.2
location_A,stream_01,asset_y,2022-03-26,8363,2508.9
location_A,stream_02,asset_y,2022-03-26,6889,2066.7
location_B,stream_01,asset_y,2022-03-26,9713,4856.5
location_B,stream_02,asset_y,2022-03-26,8601,1720.2
location_A,stream_01,asset_y,2022-03-27,8344,2503.2
location_A,stream_02,asset_y,2022-03-27,9378,2813.4
location_B,stream_01,asset_y,2022-03-27,9732,4866.0
location_B,stream_02,asset_y,2022-03-27,8599,1719.8
location_A,stream_01,asset_y,2022-03-28,8324,2497.2
location_A,stream_02,asset_y,2022-03-28,11515,3454.5
location_B,stream_01,asset_y,2022-03-28,9711,4855.5
location_B,stream_02,asset_y,2022-03-28,8623,1724.6
location_A,stream_01,asset_y,2022-03-29,8334,2500.2
location_A,stream_02,asset_y,2022-03-29,8273,2481.9
location_B,stream_01,asset_y,2022-03-29,9738,4869.0
location_B,stream_02,asset_y,2022-03-29,8650,1730.0
location_A,stream_01,asset_y,2022-03-30,8337,2501.1
location_A,stream_02,asset_y,2022-03-30,9387,2816.1
location_B,stream_01,asset_y,2022-03-30,9731,4865.5
location_B,stream_02,asset_y,2022-03-30,8883,1776.6
location_A,stream_01,asset_y,2022-03-31,8372,2511.6
location_A,stream_02,asset_y,2022-03-31,9375,2812.5
location_B,stream_01,asset_y,2022-03-31,10767,5383.5
location_B,stream_02,asset_y,2022-03-31,8633,1726.6
location_A,stream_01,asset_y,2022-04-01,8328,2498.4
location_A,stream_02,asset_y,2022-04-01,7921,2376.3
location_B,stream_01,asset_y,2022-04-01,10866,5433.0
location_B,stream_02,asset_y,2022-04-01,8614,1722.8
location_A,stream_01,asset_y,2022-04-02,8355,2506.5
location_A,stream_02,asset_y,2022-04-02,11083,3324.9
location_B,stream_01,asset_y,2022-04-02,9727,4863.5
location_B,stream_02,asset_y,2022-04-02,8621,1724.2
location_A,stream_01,asset_y,2022-04-03,8350,2505.0
location_A,stream_02,asset_y,2022-04-03,9374,2812.2
location_B,stream_01,asset_y,2022-04-03,9768,4884.0
location_B,stream_02,asset_y,2022-04-03,8619,1723.8
location_A,stream_01,asset_y,2022-04-04,8324,2497.2
location_A,stream_02,asset_y,2022-04-04,9379,2813.7
location_B,stream_01,asset_y,2022-04-04,9734,4867.0
location_B,stream_02,asset_y,2022-04-04,7888,1577.6
location_A,stream_01,asset_y,2022-04-05,8332,2499.6
location_A,stream_02,asset_y,2022-04-05,9387,2816.1
location_B,stream_01,asset_y,2022-04-05,9747,4873.5
location_B,stream_02,asset_y,2022-04-05,8616,1723.2
location_A,stream_01,asset_y,2022-04-06,8355,2506.5
location_A,stream_02,asset_y,2022-04-06,9413,2823.9
location_B,stream_01,asset_y,2022-04-06,9788,4894.0
location_B,stream_02,asset_y,2022-04-06,8586,1717.2
location_A,stream_01,asset_y,2022-04-07,7279,2183.7
location_A,stream_02,asset_y,2022-04-07,9380,2814.0
location_B,stream_01,asset_y,2022-04-07,9714,4857.0
location_B,stream_02,asset_y,2022-04-07,8637,1727.4
location_A,stream_01,asset_y,2022-04-08,8334,2500.2
location_A,stream_02,asset_y,2022-04-08,9396,2818.8
location_B,stream_01,asset_y,2022-04-08,9717,4858.5
location_B,stream_02,asset_y,2022-04-08,8600,1720.0
location_A,stream_01,asset_y,2022-04-09,8332,2499.6
location_A,stream_02,asset_y,2022-04-09,10422,3126.6
location_B,stream_01,asset_y,2022-04-09,9700,4850.0
location_B,stream_02,asset_y,2022-04-09,8590,1718.0
location_A,stream_01,asset_y,2022-04-10,8882,2664.6
location_A,stream_02,asset_y,2022-04-10,9380,2814.0
location_B,stream_01,asset_y,2022-04-10,9730,4865.0
location_B,stream_02,asset_y,2022-04-10,8607,1721.4
location_A,stream_01,asset_y,2022-04-11,9490,2847.0
location_A,stream_02,asset_y,2022-04-11,9453,2835.9
location_B,stream_01,asset_y,2022-04-11,9726,4863.0
location_B,stream_02,asset_y,2022-04-11,9693,1938.6
location_A,stream_01,asset_y,2022-04-12,8915,2674.5
location_A,stream_02,asset_y,2022-04-12,7612,2283.6
location_B,stream_01,asset_y,2022-04-12,9769,4884.5
location_B,stream_02,asset_y,2022-04-12,8641,1728.2
location_A,stream_01,asset_y,2022-04-13,8354,2506.2
location_A,stream_02,asset_y,2022-04-13,9377,2813.1
location_B,stream_01,asset_y,2022-04-13,9761,4880.5
location_B,stream_02,asset_y,2022-04-13,8600,1720.0
location_A,stream_01,asset_y,2022-04-14,8344,2503.2
location_A,stream_02,asset_y,2022-04-14,9378,2813.4
location_B,stream_01,asset_y,2022-04-14,9735,4867.5
location_B,stream_02,asset_y,2022-04-14,8632,1726.4
location_A,stream_01,asset_y,2022-04-15,7278,2183.4
location_A,stream_02,asset_y,2022-04-15,9393,2817.9
location_B,stream_01,asset_y,2022-04-15,9784,4892.0
location_B,stream_02,asset_y,2022-04-15,8599,1719.8
location_A,stream_01,asset_y,2022-04-16,8342,2502.6
location_A,stream_02,asset_y,2022-04-16,9389,2816.7
location_B,stream_01,asset_y,2022-04-16,9779,4889.5
location_B,stream_02,asset_y,2022-04-16,8637,1727.4
location_A,stream_01,asset_y,2022-04-17,8357,2507.1
location_A,stream_02,asset_y,2022-04-17,9376,2812.8
location_B,stream_01,asset_y,2022-04-17,9745,4872.5
location_B,stream_02,asset_y,2022-04-17,10044,2008.8
location_A,stream_01,asset_y,2022-04-18,8347,2504.1
location_A,stream_02,asset_y,2022-04-18,9396,2818.8
location_B,stream_01,asset_y,2022-04-18,9718,4859.0
location_B,stream_02,asset_y,2022-04-18,8635,1727.0
location_A,stream_01,asset_y,2022-04-19,8345,2503.5
location_A,stream_02,asset_y,2022-04-19,9384,2815.2
location_B,stream_01,asset_y,2022-04-19,9764,4882.0
location_B,stream_02,asset_y,2022-04-19,8626,1725.2
location_A,stream_01,asset_y,2022-04-20,8608,2582.4
location_A,stream_02,asset_y,2022-04-20,9355,2806.5
location_B,stream_01,asset_y,2022-04-20,9770,4885.0
location_B,stream_02,asset_y,2022-04-20,8627,1725.4
location_A,stream_01,asset_y,2022-04-21,8337,2501.1
location_A,stream_02,asset_y,2022-04-21,9362,2808.6
location_B,stream_01,asset_y,2022-04-21,9677,4838.5
location_B,stream_02,asset_y,2022-04-21,8616,1723.2
location_A,stream_01,asset_y,2022-04-22,8331,2499.3
location_A,stream_02,asset_y,2022-04-22,9396,2818.8
location_B,stream_01,asset_y,2022-04-22,9736,4868.0
location_B,stream_02,asset_y,2022-04-22,8617,1723.4
location_A,stream_01,asset_y,2022-04-23,8358,2507.4
location_A,stream_02,asset_y,2022-04-23,9378,2813.4
location_B,stream_01,asset_y,2022-04-23,9719,4859.5
location_B,stream_02,asset_y,2022-04-23,8994,1798.8
location_A,stream_01,asset_y,2022-04-24,8330,2499.0
location_A,stream_02,asset_y,2022-04-24,9386,2815.8
location_B,stream_01,asset_y,2022-04-24,9756,4878.0
location_B,stream_02,asset_y,2022-04-24,8607,1721.4
location_A,stream_01,asset_y,2022-04-25,8330,2499.0
location_A,stream_02,asset_y,2022-04-25,10265,2812.8
location_B,stream_01,asset_y,2022-04-25,9733,4866.5
location_B,stream_02,asset_y,2022-04-25,8643,1728.6
location_A,stream_01,asset_y,2022-04-26,8336,2500.8
location_A,stream_02,asset_y,2022-04-26,9376,2812.8
location_B,stream_01,asset_y,2022-04-26,9753,4876.5
location_B,stream_02,asset_y,2022-04-26,8283,1656.6
location_A,stream_01,asset_y,2022-04-27,8355,2506.5
location_A,stream_02,asset_y,2022-04-27,9381,2814.3
location_B,stream_01,asset_y,2022-04-27,9744,4872.0
location_B,stream_02,asset_y,2022-04-27,8633,1726.6
location_A,stream_01,asset_y,2022-04-28,8339,2501.7
location_A,stream_02,asset_y,2022-04-28,9399,2819.7
location_B,stream_01,asset_y,2022-04-28,9707,4853.5
location_B,stream_02,asset_y,2022-04-28,8611,1722.2
location_A,stream_01,asset_y,2022-04-29,7601,2280.3
location_A,stream_02,asset_y,2022-04-29,9370,2811.0
location_B,stream_01,asset_y,2022-04-29,9677,4838.5
location_B,stream_02,asset_y,2022-04-29,8617,1723.4
location_A,stream_01,asset_y,2022-04-30,8338,2501.4
location_A,stream_02,asset_y,2022-04-30,9398,2819.4
location_B,stream_01,asset_y,2022-04-30,9728,4864.0
location_B,stream_02,asset_y,2022-04-30,8589,1717.8
location_A,stream_01,asset_x,2022-05-01,8347,2504.1
location_A,stream_02,asset_x,2022-05-01,9384,2815.2
location_B,stream_01,asset_x,2022-05-01,10213,5106.5
location_B,stream_02,asset_x,2022-05-01,8627,1725.4
location_A,stream_01,asset_x,2022-05-02,8351,2505.3
location_A,stream_02,asset_x,2022-05-02,9385,2815.5
location_B,stream_01,asset_x,2022-05-02,9722,4861.0
location_B,stream_02,asset_x,2022-05-02,8627,1725.4
location_A,stream_01,asset_x,2022-05-03,8364,2509.2
location_A,stream_02,asset_x,2022-05-03,9381,2814.3
location_B,stream_01,asset_x,2022-05-03,9719,4859.5
location_B,stream_02,asset_x,2022-05-03,8613,1722.6
location_A,stream_01,asset_x,2022-05-04,8337,2501.1
location_A,stream_02,asset_x,2022-05-04,9391,2817.3
location_B,stream_01,asset_x,2022-05-04,9751,4875.5
location_B,stream_02,asset_x,2022-05-04,8596,1719.2
location_A,stream_01,asset_x,2022-05-05,8340,2502.0
location_A,stream_02,asset_x,2022-05-05,8889,2666.7
location_B,stream_01,asset_x,2022-05-05,9752,4876.0
location_B,stream_02,asset_x,2022-05-05,8615,1723.0
location_A,stream_01,asset_x,2022-05-06,8328,2498.4
location_A,stream_02,asset_x,2022-05-06,9391,2817.3
location_B,stream_01,asset_x,2022-05-06,11845,5922.5
location_B,stream_02,asset_x,2022-05-06,8667,1733.4
location_A,stream_01,asset_x,2022-05-07,8346,2503.8
location_A,stream_02,asset_x,2022-05-07,9394,2818.2
location_B,stream_01,asset_x,2022-05-07,9706,4853.0
location_B,stream_02,asset_x,2022-05-07,8610,1722.0
location_A,stream_01,asset_x,2022-05-08,8325,2497.5
location_A,stream_02,asset_x,2022-05-08,9378,2813.4
location_B,stream_01,asset_x,2022-05-08,9734,4867.0
location_B,stream_02,asset_x,2022-05-08,9476,1895.2
location_A,stream_01,asset_x,2022-05-09,8323,2496.9
location_A,stream_02,asset_x,2022-05-09,9382,2814.6
location_B,stream_01,asset_x,2022-05-09,9730,4865.0
location_B,stream_02,asset_x,2022-05-09,8641,1728.2
location_A,stream_01,asset_x,2022-05-10,8326,2497.8
location_A,stream_02,asset_x,2022-05-10,9358,2807.4
location_B,stream_01,asset_x,2022-05-10,9739,4869.5
location_B,stream_02,asset_x,2022-05-10,8614,1722.8
location_A,stream_01,asset_x,2022-05-11,8332,2499.6
location_A,stream_02,asset_x,2022-05-11,8756,2626.8
location_B,stream_01,asset_x,2022-05-11,9710,4855.0
location_B,stream_02,asset_x,2022-05-11,8626,1725.2
location_A,stream_01,asset_x,2022-05-12,8345,2503.5
location_A,stream_02,asset_x,2022-05-12,8806,2641.8
location_B,stream_01,asset_x,2022-05-12,9716,4858.0
location_B,stream_02,asset_x,2022-05-12,8606,1721.2
location_A,stream_01,asset_x,2022-05-13,8340,2502.0
location_A,stream_02,asset_x,2022-05-13,9405,2821.5
location_B,stream_01,asset_x,2022-05-13,9725,4862.5
location_B,stream_02,asset_x,2022-05-13,8619,1723.8
location_A,stream_01,asset_x,2022-05-14,8354,2506.2
location_A,stream_02,asset_x,2022-05-14,9383,2814.9
location_B,stream_01,asset_x,2022-05-14,9721,4860.5
location_B,stream_02,asset_x,2022-05-14,8656,1731.2
location_A,stream_01,asset_x,2022-05-15,8332,2499.6
location_A,stream_02,asset_x,2022-05-15,9391,2817.3
location_B,stream_01,asset_x,2022-05-15,9724,4862.0
location_B,stream_02,asset_x,2022-05-15,8622,1724.4
location_A,stream_01,asset_x,2022-05-16,8328,2498.4
location_A,stream_02,asset_x,2022-05-16,9383,2814.9
location_B,stream_01,asset_x,2022-05-16,9727,4863.5
location_B,stream_02,asset_x,2022-05-16,8616,1723.2
location_A,stream_01,asset_x,2022-05-17,8368,2510.4
location_A,stream_02,asset_x,2022-05-17,9381,2814.3
location_B,stream_01,asset_x,2022-05-17,9699,4849.5
location_B,stream_02,asset_x,2022-05-17,8608,1721.6
location_A,stream_01,asset_x,2022-05-18,8352,2505.6
location_A,stream_02,asset_x,2022-05-18,9357,2807.1
location_B,stream_01,asset_x,2022-05-18,9735,4867.5
location_B,stream_02,asset_x,2022-05-18,7177,1435.4
location_A,stream_01,asset_x,2022-05-19,8337,2501.1
location_A,stream_02,asset_x,2022-05-19,9405,2821.5
location_B,stream_01,asset_x,2022-05-19,9731,4865.5
location_B,stream_02,asset_x,2022-05-19,8594,1718.8
location_A,stream_01,asset_x,2022-05-20,8334,2500.2
location_A,stream_02,asset_x,2022-05-20,9375,2812.5
location_B,stream_01,asset_x,2022-05-20,9738,4869.0
location_B,stream_02,asset_x,2022-05-20,8614,1722.8
location_A,stream_01,asset_x,2022-05-21,8337,2501.1
location_A,stream_02,asset_x,2022-05-21,9396,2818.8
location_B,stream_01,asset_x,2022-05-21,9746,4873.0
location_B,stream_02,asset_x,2022-05-21,8598,1719.6
location_A,stream_01,asset_x,2022-05-22,8326,2497.8
location_A,stream_02,asset_x,2022-05-22,9381,2814.3
location_B,stream_01,asset_x,2022-05-22,9735,4867.5
location_B,stream_02,asset_x,2022-05-22,8611,1722.2
location_A,stream_01,asset_x,2022-05-23,8354,2506.2
location_A,stream_02,asset_x,2022-05-23,9378,2813.4
location_B,stream_01,asset_x,2022-05-23,9684,4842.0
location_B,stream_02,asset_x,2022-05-23,8612,1722.4
location_A,stream_01,asset_x,2022-05-24,8353,2505.9
location_A,stream_02,asset_x,2022-05-24,9381,2814.3
location_B,stream_01,asset_x,2022-05-24,9767,4883.5
location_B,stream_02,asset_x,2022-05-24,9833,1966.6
location_A,stream_01,asset_x,2022-05-25,8352,2505.6
location_A,stream_02,asset_x,2022-05-25,9381,2814.3
location_B,stream_01,asset_x,2022-05-25,9767,4883.5
location_B,stream_02,asset_x,2022-05-25,8601,1720.2
location_A,stream_01,asset_x,2022-05-26,8335,2500.5
location_A,stream_02,asset_x,2022-05-26,9403,2820.9
location_B,stream_01,asset_x,2022-05-26,9723,4861.5
location_B,stream_02,asset_x,2022-05-26,8619,1723.8
location_A,stream_01,asset_x,2022-05-27,8344,2503.2
location_A,stream_02,asset_x,2022-05-27,9391,2817.3
location_B,stream_01,asset_x,2022-05-27,9732,4866.0
location_B,stream_02,asset_x,2022-05-27,8622,1724.4
